Box,Treatment,Block,Leaf,Leaflet,Direction,Te,Tu
1,10Te10Tu,1,2,1,Down,4,1
1,10Te10Tu,1,2,2,Down,2,2
1,10Te10Tu,1,2,3,Down,1,5
1,10Te10Tu,1,2,1,Up,6,1
1,10Te10Tu,1,2,2,Up,6,12
1,10Te10Tu,1,2,3,Up,3,6
1,10Te10Tu,1,3,1,Down,0,1
1,10Te10Tu,1,3,2,Down,0,2
1,10Te10Tu,1,3,3,Down,4,0
1,10Te10Tu,1,3,4,Down,0,2
1,10Te10Tu,1,3,5,Down,4,2
1,10Te10Tu,1,3,1,Up,0,4
1,10Te10Tu,1,3,2,Up,0,16
1,10Te10Tu,1,3,3,Up,11,3
1,10Te10Tu,1,3,4,Up,2,13
1,10Te10Tu,1,3,5,Up,1,8
1,10Te10Tu,1,4,1,Down,1,1
1,10Te10Tu,1,4,2,Down,10,1
1,10Te10Tu,1,4,3,Down,9,3
1,10Te10Tu,1,4,4,Down,4,3
1,10Te10Tu,1,4,5,Down,8,1
1,10Te10Tu,1,4,1,Up,1,1
1,10Te10Tu,1,4,2,Up,11,4
1,10Te10Tu,1,4,3,Up,7,2
1,10Te10Tu,1,4,4,Up,3,0
1,10Te10Tu,1,4,5,Up,26,11
1,10Te10Tu,1,5,1,Down,0,0
1,10Te10Tu,1,5,2,Down,0,1
1,10Te10Tu,1,5,3,Down,1,1
1,10Te10Tu,1,5,4,Down,0,1
1,10Te10Tu,1,5,5,Down,0,1
1,10Te10Tu,1,5,1,Up,0,1
1,10Te10Tu,1,5,2,Up,1,3
1,10Te10Tu,1,5,3,Up,2,11
1,10Te10Tu,1,5,4,Up,4,3
1,10Te10Tu,1,5,5,Up,0,1
2,10Te10Tu,1,2,1,Down,4,4
2,10Te10Tu,1,2,2,Down,4,4
2,10Te10Tu,1,2,3,Down,0,0
2,10Te10Tu,1,2,1,Up,7,14
2,10Te10Tu,1,2,2,Up,29,5
2,10Te10Tu,1,2,3,Up,24,3
2,10Te10Tu,1,3,1,Down,3,0
2,10Te10Tu,1,3,2,Down,3,1
2,10Te10Tu,1,3,3,Down,3,3
2,10Te10Tu,1,3,4,Down,3,15
2,10Te10Tu,1,3,5,Down,0,1
2,10Te10Tu,1,3,1,Up,6,0
2,10Te10Tu,1,3,2,Up,13,0
2,10Te10Tu,1,3,3,Up,1,13
2,10Te10Tu,1,3,4,Up,7,0
2,10Te10Tu,1,3,5,Up,0,1
2,10Te10Tu,1,4,1,Down,4,6
2,10Te10Tu,1,4,2,Down,2,3
2,10Te10Tu,1,4,3,Down,1,3
2,10Te10Tu,1,4,4,Down,0,1
2,10Te10Tu,1,4,5,Down,1,4
2,10Te10Tu,1,4,1,Up,27,17
2,10Te10Tu,1,4,2,Up,21,5
2,10Te10Tu,1,4,3,Up,28,8
2,10Te10Tu,1,4,4,Up,10,5
2,10Te10Tu,1,4,5,Up,8,2
2,10Te10Tu,1,5,1,Down,2,0
2,10Te10Tu,1,5,2,Down,4,0
2,10Te10Tu,1,5,3,Down,1,0
2,10Te10Tu,1,5,4,Down,2,0
2,10Te10Tu,1,5,5,Down,1,0
2,10Te10Tu,1,5,1,Up,2,0
2,10Te10Tu,1,5,2,Up,4,0
2,10Te10Tu,1,5,3,Up,6,0
2,10Te10Tu,1,5,4,Up,4,0
2,10Te10Tu,1,5,5,Up,2,1
3,10Te10Tu,1,2,1,Down,4,4
3,10Te10Tu,1,2,2,Down,7,3
3,10Te10Tu,1,2,3,Down,4,1
3,10Te10Tu,1,2,1,Up,0,12
3,10Te10Tu,1,2,2,Up,2,4
3,10Te10Tu,1,2,3,Up,2,0
3,10Te10Tu,1,3,1,Down,0,3
3,10Te10Tu,1,3,2,Down,0,0
3,10Te10Tu,1,3,3,Down,4,2
3,10Te10Tu,1,3,4,Down,2,2
3,10Te10Tu,1,3,1,Up,1,4
3,10Te10Tu,1,3,2,Up,0,0
3,10Te10Tu,1,3,3,Up,13,11
3,10Te10Tu,1,3,4,Up,2,10
3,10Te10Tu,1,4,1,Down,2,3
3,10Te10Tu,1,4,2,Down,0,3
3,10Te10Tu,1,4,3,Down,15,2
3,10Te10Tu,1,4,4,Down,0,0
3,10Te10Tu,1,4,5,Down,0,1
3,10Te10Tu,1,4,1,Up,6,11
3,10Te10Tu,1,4,2,Up,5,4
3,10Te10Tu,1,4,3,Up,16,4
3,10Te10Tu,1,4,4,Up,0,0
3,10Te10Tu,1,4,5,Up,0,5
3,10Te10Tu,1,5,1,Down,3,3
3,10Te10Tu,1,5,2,Down,2,2
3,10Te10Tu,1,5,3,Down,2,0
3,10Te10Tu,1,5,4,Down,2,0
3,10Te10Tu,1,5,5,Down,0,0
3,10Te10Tu,1,5,1,Up,6,13
3,10Te10Tu,1,5,2,Up,9,10
3,10Te10Tu,1,5,3,Up,4,4
3,10Te10Tu,1,5,4,Up,2,10
3,10Te10Tu,1,5,5,Up,2,2
4,10Te10Tu,1,2,1,Down,2,1
4,10Te10Tu,1,2,2,Down,15,9
4,10Te10Tu,1,2,3,Down,5,1
4,10Te10Tu,1,2,1,Up,0,3
4,10Te10Tu,1,2,2,Up,27,20
4,10Te10Tu,1,2,3,Up,0,0
4,10Te10Tu,1,3,1,Down,0,0
4,10Te10Tu,1,3,2,Down,4,4
4,10Te10Tu,1,3,3,Down,4,4
4,10Te10Tu,1,3,4,Down,4,4
4,10Te10Tu,1,3,5,Down,1,1
4,10Te10Tu,1,3,1,Up,1,0
4,10Te10Tu,1,3,2,Up,4,0
4,10Te10Tu,1,3,3,Up,13,0
4,10Te10Tu,1,3,4,Up,2,2
4,10Te10Tu,1,3,5,Up,5,3
4,10Te10Tu,1,4,1,Down,0,6
4,10Te10Tu,1,4,2,Down,0,1
4,10Te10Tu,1,4,3,Down,9,3
4,10Te10Tu,1,4,4,Down,5,1
4,10Te10Tu,1,4,5,Down,0,0
4,10Te10Tu,1,4,1,Up,7,7
4,10Te10Tu,1,4,2,Up,1,4
4,10Te10Tu,1,4,3,Up,24,9
4,10Te10Tu,1,4,4,Up,21,9
4,10Te10Tu,1,4,5,Up,18,5
4,10Te10Tu,1,5,1,Down,2,3
4,10Te10Tu,1,5,2,Down,12,1
4,10Te10Tu,1,5,3,Down,18,3
4,10Te10Tu,1,5,4,Down,16,1
4,10Te10Tu,1,5,5,Down,6,4
4,10Te10Tu,1,5,1,Up,26,5
4,10Te10Tu,1,5,2,Up,32,1
4,10Te10Tu,1,5,3,Up,14,5
4,10Te10Tu,1,5,4,Up,7,2
4,10Te10Tu,1,5,5,Up,9,1
5,10Te10Tu,1,2,1,Down,2,1
5,10Te10Tu,1,2,2,Down,52,0
5,10Te10Tu,1,2,3,Down,0,0
5,10Te10Tu,1,2,1,Up,0,2
5,10Te10Tu,1,2,2,Up,22,1
5,10Te10Tu,1,2,3,Up,1,2
5,10Te10Tu,1,3,1,Down,2,0
5,10Te10Tu,1,3,2,Down,12,3
5,10Te10Tu,1,3,3,Down,5,3
5,10Te10Tu,1,3,4,Down,1,1
5,10Te10Tu,1,3,5,Down,0,0
5,10Te10Tu,1,3,1,Up,0,0
5,10Te10Tu,1,3,2,Up,16,2
5,10Te10Tu,1,3,3,Up,0,7
5,10Te10Tu,1,3,4,Up,9,4
5,10Te10Tu,1,3,5,Up,9,1
5,10Te10Tu,1,4,1,Down,2,0
5,10Te10Tu,1,4,2,Down,0,0
5,10Te10Tu,1,4,3,Down,3,1
5,10Te10Tu,1,4,4,Down,0,0
5,10Te10Tu,1,4,5,Down,6,2
5,10Te10Tu,1,4,1,Up,3,2
5,10Te10Tu,1,4,2,Up,0,0
5,10Te10Tu,1,4,3,Up,11,2
5,10Te10Tu,1,4,4,Up,0,0
5,10Te10Tu,1,4,5,Up,17,6
5,10Te10Tu,1,5,1,Down,3,2
5,10Te10Tu,1,5,2,Down,2,0
5,10Te10Tu,1,5,3,Down,0,0
5,10Te10Tu,1,5,4,Down,2,0
5,10Te10Tu,1,5,5,Down,2,1
5,10Te10Tu,1,5,1,Up,2,4
5,10Te10Tu,1,5,2,Up,1,0
5,10Te10Tu,1,5,3,Up,2,2
5,10Te10Tu,1,5,4,Up,13,0
5,10Te10Tu,1,5,5,Up,2,1
6,10Te10Tu,2,2,1,Down,7,3
6,10Te10Tu,2,2,2,Down,1,1
6,10Te10Tu,2,2,3,Down,12,3
6,10Te10Tu,2,2,1,Up,10,2
6,10Te10Tu,2,2,2,Up,2,10
6,10Te10Tu,2,2,3,Up,0,1
6,10Te10Tu,2,3,1,Down,0,0
6,10Te10Tu,2,3,2,Down,4,0
6,10Te10Tu,2,3,3,Down,0,1
6,10Te10Tu,2,3,4,Down,0,0
6,10Te10Tu,2,3,5,Down,7,4
6,10Te10Tu,2,3,1,Up,0,0
6,10Te10Tu,2,3,2,Up,1,0
6,10Te10Tu,2,3,3,Up,0,1
6,10Te10Tu,2,3,4,Up,3,3
6,10Te10Tu,2,3,5,Up,13,4
6,10Te10Tu,2,4,1,Down,18,2
6,10Te10Tu,2,4,2,Down,16,0
6,10Te10Tu,2,4,3,Down,3,3
6,10Te10Tu,2,4,4,Down,7,2
6,10Te10Tu,2,4,5,Down,18,2
6,10Te10Tu,2,4,1,Up,6,0
6,10Te10Tu,2,4,2,Up,25,5
6,10Te10Tu,2,4,3,Up,4,5
6,10Te10Tu,2,4,4,Up,33,4
6,10Te10Tu,2,4,5,Up,32,9
6,10Te10Tu,2,5,1,Down,0,3
6,10Te10Tu,2,5,2,Down,3,0
6,10Te10Tu,2,5,3,Down,1,1
6,10Te10Tu,2,5,4,Down,0,3
6,10Te10Tu,2,5,5,Down,0,0
6,10Te10Tu,2,5,1,Up,16,13
6,10Te10Tu,2,5,2,Up,4,14
6,10Te10Tu,2,5,3,Up,1,8
6,10Te10Tu,2,5,4,Up,0,4
6,10Te10Tu,2,5,5,Up,7,9
7,10Te10Tu,2,2,1,Down,0,3
7,10Te10Tu,2,2,2,Down,4,6
7,10Te10Tu,2,2,3,Down,0,2
7,10Te10Tu,2,2,1,Up,0,0
7,10Te10Tu,2,2,2,Up,3,11
7,10Te10Tu,2,2,3,Up,1,1
7,10Te10Tu,2,3,1,Down,0,3
7,10Te10Tu,2,3,2,Down,3,0
7,10Te10Tu,2,3,3,Down,5,3
7,10Te10Tu,2,3,4,Down,0,4
7,10Te10Tu,2,3,5,Down,0,0
7,10Te10Tu,2,3,1,Up,0,10
7,10Te10Tu,2,3,2,Up,3,3
7,10Te10Tu,2,3,3,Up,11,8
7,10Te10Tu,2,3,4,Up,5,21
7,10Te10Tu,2,3,5,Up,0,5
7,10Te10Tu,2,4,1,Down,6,2
7,10Te10Tu,2,4,2,Down,4,0
7,10Te10Tu,2,4,3,Down,15,5
7,10Te10Tu,2,4,4,Down,0,0
7,10Te10Tu,2,4,5,Down,0,0
7,10Te10Tu,2,4,1,Up,5,7
7,10Te10Tu,2,4,2,Up,3,1
7,10Te10Tu,2,4,3,Up,16,17
7,10Te10Tu,2,4,4,Up,25,4
7,10Te10Tu,2,4,5,Up,9,2
7,10Te10Tu,2,5,1,Down,0,1
7,10Te10Tu,2,5,2,Down,0,6
7,10Te10Tu,2,5,3,Down,10,2
7,10Te10Tu,2,5,4,Down,7,2
7,10Te10Tu,2,5,5,Down,0,3
7,10Te10Tu,2,5,1,Up,0,18
7,10Te10Tu,2,5,2,Up,2,21
7,10Te10Tu,2,5,3,Up,2,3
7,10Te10Tu,2,5,4,Up,5,13
7,10Te10Tu,2,5,5,Up,1,11
8,10Te10Tu,2,2,1,Down,16,1
8,10Te10Tu,2,2,2,Down,4,9
8,10Te10Tu,2,2,3,Down,1,2
8,10Te10Tu,2,2,1,Up,11,4
8,10Te10Tu,2,2,2,Up,5,7
8,10Te10Tu,2,2,3,Up,3,3
8,10Te10Tu,2,3,1,Down,0,1
8,10Te10Tu,2,3,2,Down,15,0
8,10Te10Tu,2,3,3,Down,8,1
8,10Te10Tu,2,3,4,Down,2,0
8,10Te10Tu,2,3,5,Down,1,0
8,10Te10Tu,2,3,1,Up,2,7
8,10Te10Tu,2,3,2,Up,13,1
8,10Te10Tu,2,3,3,Up,12,3
8,10Te10Tu,2,3,4,Up,3,0
8,10Te10Tu,2,3,5,Up,0,0
8,10Te10Tu,2,4,1,Down,0,5
8,10Te10Tu,2,4,2,Down,0,0
8,10Te10Tu,2,4,3,Down,27,3
8,10Te10Tu,2,4,4,Down,54,1
8,10Te10Tu,2,4,5,Down,5,8
8,10Te10Tu,2,4,1,Up,4,15
8,10Te10Tu,2,4,2,Up,17,9
8,10Te10Tu,2,4,3,Up,88,9
8,10Te10Tu,2,4,4,Up,87,11
8,10Te10Tu,2,4,5,Up,14,29
8,10Te10Tu,2,5,1,Down,2,0
8,10Te10Tu,2,5,2,Down,4,9
8,10Te10Tu,2,5,3,Down,2,11
8,10Te10Tu,2,5,4,Down,3,2
8,10Te10Tu,2,5,5,Down,0,10
8,10Te10Tu,2,5,1,Up,10,6
8,10Te10Tu,2,5,2,Up,8,12
8,10Te10Tu,2,5,3,Up,2,15
8,10Te10Tu,2,5,4,Up,5,16
8,10Te10Tu,2,5,5,Up,1,46
9,10Te10Tu,2,2,1,Down,2,0
9,10Te10Tu,2,2,2,Down,18,0
9,10Te10Tu,2,2,3,Down,3,1
9,10Te10Tu,2,2,1,Up,0,0
9,10Te10Tu,2,2,2,Up,4,4
9,10Te10Tu,2,2,3,Up,5,7
9,10Te10Tu,2,3,1,Down,1,4
9,10Te10Tu,2,3,2,Down,12,7
9,10Te10Tu,2,3,3,Down,20,1
9,10Te10Tu,2,3,4,Down,10,9
9,10Te10Tu,2,3,5,Down,2,3
9,10Te10Tu,2,3,1,Up,0,14
9,10Te10Tu,2,3,2,Up,38,22
9,10Te10Tu,2,3,3,Up,37,3
9,10Te10Tu,2,3,4,Up,27,31
9,10Te10Tu,2,3,5,Up,3,23
9,10Te10Tu,2,4,1,Down,43,1
9,10Te10Tu,2,4,2,Down,7,0
9,10Te10Tu,2,4,3,Down,0,0
9,10Te10Tu,2,4,4,Down,13,0
9,10Te10Tu,2,4,5,Down,4,2
9,10Te10Tu,2,4,1,Up,102,6
9,10Te10Tu,2,4,2,Up,19,5
9,10Te10Tu,2,4,3,Up,0,0
9,10Te10Tu,2,4,4,Up,14,0
9,10Te10Tu,2,4,5,Up,6,8
9,10Te10Tu,2,5,1,Down,0,1
9,10Te10Tu,2,5,2,Down,3,2
9,10Te10Tu,2,5,3,Down,12,2
9,10Te10Tu,2,5,4,Down,0,0
9,10Te10Tu,2,5,5,Down,0,0
9,10Te10Tu,2,5,1,Up,1,10
9,10Te10Tu,2,5,2,Up,14,14
9,10Te10Tu,2,5,3,Up,17,17
9,10Te10Tu,2,5,4,Up,0,3
9,10Te10Tu,2,5,5,Up,0,3
10,10Te10Tu,2,2,1,Down,1,0
10,10Te10Tu,2,2,2,Down,0,6
10,10Te10Tu,2,2,3,Down,4,13
10,10Te10Tu,2,2,1,Up,3,1
10,10Te10Tu,2,2,2,Up,3,2
10,10Te10Tu,2,2,3,Up,10,2
10,10Te10Tu,2,3,1,Down,0,0
10,10Te10Tu,2,3,2,Down,1,12
10,10Te10Tu,2,3,3,Down,5,2
10,10Te10Tu,2,3,4,Down,0,5
10,10Te10Tu,2,3,5,Down,0,2
10,10Te10Tu,2,3,1,Up,3,2
10,10Te10Tu,2,3,2,Up,4,10
10,10Te10Tu,2,3,3,Up,15,10
10,10Te10Tu,2,3,4,Up,8,11
10,10Te10Tu,2,3,5,Up,2,15
10,10Te10Tu,2,4,1,Down,4,0
10,10Te10Tu,2,4,2,Down,1,0
10,10Te10Tu,2,4,3,Down,1,5
10,10Te10Tu,2,4,4,Down,0,0
10,10Te10Tu,2,4,5,Down,0,0
10,10Te10Tu,2,4,1,Up,1,0
10,10Te10Tu,2,4,2,Up,8,3
10,10Te10Tu,2,4,3,Up,12,6
10,10Te10Tu,2,4,4,Up,2,0
10,10Te10Tu,2,4,5,Up,6,2
10,10Te10Tu,2,5,1,Down,0,0
10,10Te10Tu,2,5,2,Down,0,2
10,10Te10Tu,2,5,3,Down,0,3
10,10Te10Tu,2,5,4,Down,0,10
10,10Te10Tu,2,5,5,Down,1,2
10,10Te10Tu,2,5,1,Up,0,1
10,10Te10Tu,2,5,2,Up,2,10
10,10Te10Tu,2,5,3,Up,0,11
10,10Te10Tu,2,5,4,Up,1,10
10,10Te10Tu,2,5,5,Up,3,4
1,10Te10Tu48h,1,2,1,Down,0,0
1,10Te10Tu48h,1,2,2,Down,0,0
1,10Te10Tu48h,1,2,3,Down,0,0
1,10Te10Tu48h,1,2,1,Up,0,0
1,10Te10Tu48h,1,2,2,Up,0,0
1,10Te10Tu48h,1,2,3,Up,0,0
1,10Te10Tu48h,1,3,1,Down,0,0
1,10Te10Tu48h,1,3,2,Down,0,1
1,10Te10Tu48h,1,3,3,Down,1,5
1,10Te10Tu48h,1,3,4,Down,1,4
1,10Te10Tu48h,1,3,5,Down,1,1
1,10Te10Tu48h,1,3,1,Up,8,10
1,10Te10Tu48h,1,3,2,Up,0,3
1,10Te10Tu48h,1,3,3,Up,7,20
1,10Te10Tu48h,1,3,4,Up,1,13
1,10Te10Tu48h,1,3,5,Up,1,9
1,10Te10Tu48h,1,4,1,Down,6,0
1,10Te10Tu48h,1,4,2,Down,0,0
1,10Te10Tu48h,1,4,3,Down,6,0
1,10Te10Tu48h,1,4,4,Down,1,0
1,10Te10Tu48h,1,4,5,Down,2,2
1,10Te10Tu48h,1,4,1,Up,16,11
1,10Te10Tu48h,1,4,2,Up,5,1
1,10Te10Tu48h,1,4,3,Up,7,0
1,10Te10Tu48h,1,4,4,Up,3,0
1,10Te10Tu48h,1,4,5,Up,29,2
1,10Te10Tu48h,1,5,1,Down,0,2
1,10Te10Tu48h,1,5,2,Down,0,5
1,10Te10Tu48h,1,5,3,Down,0,6
1,10Te10Tu48h,1,5,4,Down,0,2
1,10Te10Tu48h,1,5,5,Down,10,4
1,10Te10Tu48h,1,5,1,Up,1,6
1,10Te10Tu48h,1,5,2,Up,2,2
1,10Te10Tu48h,1,5,3,Up,2,0
1,10Te10Tu48h,1,5,4,Up,1,5
1,10Te10Tu48h,1,5,5,Up,5,16
2,10Te10Tu48h,1,2,1,Down,0,0
2,10Te10Tu48h,1,2,2,Down,3,4
2,10Te10Tu48h,1,2,3,Down,0,3
2,10Te10Tu48h,1,2,1,Up,0,0
2,10Te10Tu48h,1,2,2,Up,3,16
2,10Te10Tu48h,1,2,3,Up,3,4
2,10Te10Tu48h,1,3,1,Down,3,4
2,10Te10Tu48h,1,3,2,Down,2,6
2,10Te10Tu48h,1,3,3,Down,3,1
2,10Te10Tu48h,1,3,4,Down,1,1
2,10Te10Tu48h,1,3,5,Down,2,0
2,10Te10Tu48h,1,3,1,Up,0,0
2,10Te10Tu48h,1,3,2,Up,12,6
2,10Te10Tu48h,1,3,3,Up,3,0
2,10Te10Tu48h,1,3,4,Up,2,1
2,10Te10Tu48h,1,3,5,Up,6,4
2,10Te10Tu48h,1,4,1,Down,0,0
2,10Te10Tu48h,1,4,2,Down,0,0
2,10Te10Tu48h,1,4,3,Down,1,1
2,10Te10Tu48h,1,4,4,Down,1,6
2,10Te10Tu48h,1,4,5,Down,0,2
2,10Te10Tu48h,1,4,1,Up,1,2
2,10Te10Tu48h,1,4,2,Up,0,0
2,10Te10Tu48h,1,4,3,Up,1,3
2,10Te10Tu48h,1,4,4,Up,6,7
2,10Te10Tu48h,1,4,5,Up,0,0
2,10Te10Tu48h,1,5,1,Down,0,0
2,10Te10Tu48h,1,5,2,Down,0,0
2,10Te10Tu48h,1,5,3,Down,0,0
2,10Te10Tu48h,1,5,4,Down,0,0
2,10Te10Tu48h,1,5,1,Up,1,1
2,10Te10Tu48h,1,5,2,Up,0,0
2,10Te10Tu48h,1,5,3,Up,0,1
2,10Te10Tu48h,1,5,4,Up,3,1
3,10Te10Tu48h,1,2,1,Down,0,0
3,10Te10Tu48h,1,2,2,Down,5,5
3,10Te10Tu48h,1,2,3,Down,1,5
3,10Te10Tu48h,1,2,1,Up,0,0
3,10Te10Tu48h,1,2,2,Up,5,6
3,10Te10Tu48h,1,2,3,Up,7,8
3,10Te10Tu48h,1,3,1,Down,4,5
3,10Te10Tu48h,1,3,2,Down,0,0
3,10Te10Tu48h,1,3,3,Down,1,0
3,10Te10Tu48h,1,3,4,Down,4,3
3,10Te10Tu48h,1,3,5,Down,3,12
3,10Te10Tu48h,1,3,1,Up,15,5
3,10Te10Tu48h,1,3,2,Up,3,0
3,10Te10Tu48h,1,3,3,Up,3,11
3,10Te10Tu48h,1,3,4,Up,1,5
3,10Te10Tu48h,1,3,5,Up,5,0
3,10Te10Tu48h,1,4,1,Down,0,0
3,10Te10Tu48h,1,4,2,Down,12,1
3,10Te10Tu48h,1,4,3,Down,5,2
3,10Te10Tu48h,1,4,4,Down,7,1
3,10Te10Tu48h,1,4,5,Down,2,2
3,10Te10Tu48h,1,4,1,Up,13,1
3,10Te10Tu48h,1,4,2,Up,20,3
3,10Te10Tu48h,1,4,3,Up,10,12
3,10Te10Tu48h,1,4,4,Up,2,3
3,10Te10Tu48h,1,4,5,Up,5,4
3,10Te10Tu48h,1,5,1,Down,0,11
3,10Te10Tu48h,1,5,2,Down,1,8
3,10Te10Tu48h,1,5,3,Down,3,6
3,10Te10Tu48h,1,5,4,Down,6,11
3,10Te10Tu48h,1,5,5,Down,0,10
3,10Te10Tu48h,1,5,1,Up,2,63
3,10Te10Tu48h,1,5,2,Up,3,23
3,10Te10Tu48h,1,5,3,Up,3,8
3,10Te10Tu48h,1,5,4,Up,0,22
3,10Te10Tu48h,1,5,5,Up,0,15
4,10Te10Tu48h,1,2,1,Down,0,3
4,10Te10Tu48h,1,2,2,Down,6,24
4,10Te10Tu48h,1,2,3,Down,2,2
4,10Te10Tu48h,1,2,1,Up,2,7
4,10Te10Tu48h,1,2,2,Up,2,37
4,10Te10Tu48h,1,2,3,Up,5,3
4,10Te10Tu48h,1,3,1,Down,6,2
4,10Te10Tu48h,1,3,2,Down,0,0
4,10Te10Tu48h,1,3,3,Down,7,3
4,10Te10Tu48h,1,3,4,Down,0,0
4,10Te10Tu48h,1,3,5,Down,2,2
4,10Te10Tu48h,1,3,1,Up,12,7
4,10Te10Tu48h,1,3,2,Up,0,0
4,10Te10Tu48h,1,3,3,Up,8,8
4,10Te10Tu48h,1,3,4,Up,0,0
4,10Te10Tu48h,1,3,5,Up,12,8
4,10Te10Tu48h,1,4,1,Down,0,7
4,10Te10Tu48h,1,4,2,Down,1,1
4,10Te10Tu48h,1,4,3,Down,3,6
4,10Te10Tu48h,1,4,4,Down,8,2
4,10Te10Tu48h,1,4,5,Down,0,0
4,10Te10Tu48h,1,4,1,Up,1,25
4,10Te10Tu48h,1,4,2,Up,3,31
4,10Te10Tu48h,1,4,3,Up,8,24
4,10Te10Tu48h,1,4,4,Up,5,38
4,10Te10Tu48h,1,4,5,Up,4,7
4,10Te10Tu48h,1,5,1,Down,0,0
4,10Te10Tu48h,1,5,2,Down,0,0
4,10Te10Tu48h,1,5,3,Down,0,0
4,10Te10Tu48h,1,5,4,Down,0,0
4,10Te10Tu48h,1,5,5,Down,0,0
4,10Te10Tu48h,1,5,1,Up,0,0
4,10Te10Tu48h,1,5,2,Up,0,0
4,10Te10Tu48h,1,5,3,Up,0,0
4,10Te10Tu48h,1,5,4,Up,0,0
4,10Te10Tu48h,1,5,5,Up,0,0
5,10Te10Tu48h,1,2,1,Down,0,0
5,10Te10Tu48h,1,2,2,Down,4,2
5,10Te10Tu48h,1,2,3,Down,6,4
5,10Te10Tu48h,1,2,1,Up,2,2
5,10Te10Tu48h,1,2,2,Up,6,2
5,10Te10Tu48h,1,2,3,Up,0,9
5,10Te10Tu48h,1,3,1,Down,1,0
5,10Te10Tu48h,1,3,2,Down,0,1
5,10Te10Tu48h,1,3,3,Down,0,0
5,10Te10Tu48h,1,3,4,Down,0,0
5,10Te10Tu48h,1,3,5,Down,1,6
5,10Te10Tu48h,1,3,1,Up,0,9
5,10Te10Tu48h,1,3,2,Up,0,0
5,10Te10Tu48h,1,3,3,Up,1,0
5,10Te10Tu48h,1,3,4,Up,0,2
5,10Te10Tu48h,1,3,5,Up,1,1
5,10Te10Tu48h,1,4,1,Down,0,0
5,10Te10Tu48h,1,4,2,Down,0,0
5,10Te10Tu48h,1,4,3,Down,0,0
5,10Te10Tu48h,1,4,4,Down,3,1
5,10Te10Tu48h,1,4,5,Down,0,0
5,10Te10Tu48h,1,4,1,Up,0,0
5,10Te10Tu48h,1,4,2,Up,3,2
5,10Te10Tu48h,1,4,3,Up,1,1
5,10Te10Tu48h,1,4,4,Up,4,2
5,10Te10Tu48h,1,4,5,Up,0,1
5,10Te10Tu48h,1,5,1,Down,2,4
5,10Te10Tu48h,1,5,2,Down,1,4
5,10Te10Tu48h,1,5,3,Down,2,9
5,10Te10Tu48h,1,5,4,Down,3,8
5,10Te10Tu48h,1,5,5,Down,1,4
5,10Te10Tu48h,1,5,1,Up,9,2
5,10Te10Tu48h,1,5,2,Up,3,16
5,10Te10Tu48h,1,5,3,Up,2,2
5,10Te10Tu48h,1,5,4,Up,2,23
5,10Te10Tu48h,1,5,5,Up,1,19
6,10Te10Tu48h,2,2,1,Down,16,2
6,10Te10Tu48h,2,2,2,Down,9,5
6,10Te10Tu48h,2,2,3,Down,18,9
6,10Te10Tu48h,2,2,1,Up,2,7
6,10Te10Tu48h,2,2,2,Up,5,5
6,10Te10Tu48h,2,2,3,Up,0,23
6,10Te10Tu48h,2,3,1,Down,5,3
6,10Te10Tu48h,2,3,2,Down,0,0
6,10Te10Tu48h,2,3,3,Down,0,0
6,10Te10Tu48h,2,3,4,Down,6,1
6,10Te10Tu48h,2,3,5,Down,0,0
6,10Te10Tu48h,2,3,1,Up,3,2
6,10Te10Tu48h,2,3,2,Up,0,0
6,10Te10Tu48h,2,3,3,Up,0,0
6,10Te10Tu48h,2,3,4,Up,0,0
6,10Te10Tu48h,2,3,5,Up,4,7
6,10Te10Tu48h,2,4,1,Down,2,5
6,10Te10Tu48h,2,4,2,Down,0,3
6,10Te10Tu48h,2,4,3,Down,0,15
6,10Te10Tu48h,2,4,4,Down,5,3
6,10Te10Tu48h,2,4,5,Down,7,8
6,10Te10Tu48h,2,4,1,Up,1,65
6,10Te10Tu48h,2,4,2,Up,0,14
6,10Te10Tu48h,2,4,3,Up,0,40
6,10Te10Tu48h,2,4,4,Up,11,30
6,10Te10Tu48h,2,4,5,Up,33,13
6,10Te10Tu48h,2,5,1,Down,6,1
6,10Te10Tu48h,2,5,2,Down,2,0
6,10Te10Tu48h,2,5,3,Down,0,0
6,10Te10Tu48h,2,5,4,Down,0,0
6,10Te10Tu48h,2,5,5,Down,5,4
6,10Te10Tu48h,2,5,1,Up,11,4
6,10Te10Tu48h,2,5,2,Up,1,1
6,10Te10Tu48h,2,5,3,Up,1,10
6,10Te10Tu48h,2,5,4,Up,2,0
6,10Te10Tu48h,2,5,5,Up,2,5
7,10Te10Tu48h,2,2,1,Down,3,0
7,10Te10Tu48h,2,2,2,Down,0,0
7,10Te10Tu48h,2,2,3,Down,0,0
7,10Te10Tu48h,2,2,1,Up,1,0
7,10Te10Tu48h,2,2,2,Up,1,0
7,10Te10Tu48h,2,2,3,Up,0,0
7,10Te10Tu48h,2,3,1,Down,28,1
7,10Te10Tu48h,2,3,2,Down,4,13
7,10Te10Tu48h,2,3,3,Down,6,9
7,10Te10Tu48h,2,3,4,Down,11,11
7,10Te10Tu48h,2,3,5,Down,8,2
7,10Te10Tu48h,2,3,1,Up,79,13
7,10Te10Tu48h,2,3,2,Up,8,33
7,10Te10Tu48h,2,3,3,Up,8,22
7,10Te10Tu48h,2,3,4,Up,11,4
7,10Te10Tu48h,2,3,5,Up,30,22
7,10Te10Tu48h,2,4,1,Down,0,0
7,10Te10Tu48h,2,4,2,Down,0,0
7,10Te10Tu48h,2,4,3,Down,6,0
7,10Te10Tu48h,2,4,4,Down,1,1
7,10Te10Tu48h,2,4,5,Down,0,0
7,10Te10Tu48h,2,4,1,Up,0,0
7,10Te10Tu48h,2,4,2,Up,0,0
7,10Te10Tu48h,2,4,3,Up,0,0
7,10Te10Tu48h,2,4,4,Up,5,1
7,10Te10Tu48h,2,4,5,Up,1,0
7,10Te10Tu48h,2,5,1,Down,25,5
7,10Te10Tu48h,2,5,2,Down,22,0
7,10Te10Tu48h,2,5,3,Down,16,6
7,10Te10Tu48h,2,5,4,Down,17,0
7,10Te10Tu48h,2,5,5,Down,7,0
7,10Te10Tu48h,2,5,1,Up,29,20
7,10Te10Tu48h,2,5,2,Up,30,4
7,10Te10Tu48h,2,5,3,Up,31,16
7,10Te10Tu48h,2,5,4,Up,25,4
7,10Te10Tu48h,2,5,5,Up,30,7
8,10Te10Tu48h,2,2,1,Down,1,6
8,10Te10Tu48h,2,2,2,Down,3,12
8,10Te10Tu48h,2,2,3,Down,0,0
8,10Te10Tu48h,2,2,1,Up,0,0
8,10Te10Tu48h,2,2,2,Up,3,0
8,10Te10Tu48h,2,2,3,Up,0,3
8,10Te10Tu48h,2,3,1,Down,5,6
8,10Te10Tu48h,2,3,2,Down,5,5
8,10Te10Tu48h,2,3,3,Down,0,4
8,10Te10Tu48h,2,3,4,Down,2,5
8,10Te10Tu48h,2,3,5,Down,0,0
8,10Te10Tu48h,2,3,1,Up,9,9
8,10Te10Tu48h,2,3,2,Up,12,10
8,10Te10Tu48h,2,3,3,Up,0,2
8,10Te10Tu48h,2,3,4,Up,8,6
8,10Te10Tu48h,2,3,5,Up,4,0
8,10Te10Tu48h,2,4,1,Down,4,13
8,10Te10Tu48h,2,4,2,Down,2,10
8,10Te10Tu48h,2,4,3,Down,6,10
8,10Te10Tu48h,2,4,4,Down,2,11
8,10Te10Tu48h,2,4,5,Down,1,3
8,10Te10Tu48h,2,4,1,Up,2,33
8,10Te10Tu48h,2,4,2,Up,6,37
8,10Te10Tu48h,2,4,3,Up,1,40
8,10Te10Tu48h,2,4,4,Up,5,17
8,10Te10Tu48h,2,4,5,Up,3,33
8,10Te10Tu48h,2,5,1,Down,0,0
8,10Te10Tu48h,2,5,2,Down,2,0
8,10Te10Tu48h,2,5,3,Down,1,0
8,10Te10Tu48h,2,5,4,Down,1,1
8,10Te10Tu48h,2,5,5,Down,0,0
8,10Te10Tu48h,2,5,1,Up,0,1
8,10Te10Tu48h,2,5,2,Up,0,0
8,10Te10Tu48h,2,5,3,Up,0,1
8,10Te10Tu48h,2,5,4,Up,0,1
8,10Te10Tu48h,2,5,5,Up,10,1
9,10Te10Tu48h,2,2,1,Down,3,2
9,10Te10Tu48h,2,2,2,Down,22,2
9,10Te10Tu48h,2,2,3,Down,17,0
9,10Te10Tu48h,2,2,1,Up,2,1
9,10Te10Tu48h,2,2,2,Up,11,2
9,10Te10Tu48h,2,2,3,Up,8,3
9,10Te10Tu48h,2,3,1,Down,1,2
9,10Te10Tu48h,2,3,2,Down,5,4
9,10Te10Tu48h,2,3,3,Down,3,5
9,10Te10Tu48h,2,3,4,Down,7,5
9,10Te10Tu48h,2,3,5,Down,1,3
9,10Te10Tu48h,2,3,1,Up,1,0
9,10Te10Tu48h,2,3,2,Up,2,4
9,10Te10Tu48h,2,3,3,Up,5,8
9,10Te10Tu48h,2,3,4,Up,4,3
9,10Te10Tu48h,2,3,5,Up,0,2
9,10Te10Tu48h,2,4,1,Down,7,2
9,10Te10Tu48h,2,4,2,Down,0,1
9,10Te10Tu48h,2,4,3,Down,13,10
9,10Te10Tu48h,2,4,4,Down,4,5
9,10Te10Tu48h,2,4,5,Down,1,8
9,10Te10Tu48h,2,4,1,Up,5,7
9,10Te10Tu48h,2,4,2,Up,8,4
9,10Te10Tu48h,2,4,3,Up,23,7
9,10Te10Tu48h,2,4,4,Up,13,9
9,10Te10Tu48h,2,4,5,Up,5,6
9,10Te10Tu48h,2,5,1,Down,1,0
9,10Te10Tu48h,2,5,2,Down,0,0
9,10Te10Tu48h,2,5,3,Down,1,0
9,10Te10Tu48h,2,5,4,Down,0,0
9,10Te10Tu48h,2,5,5,Down,1,3
9,10Te10Tu48h,2,5,1,Up,5,2
9,10Te10Tu48h,2,5,2,Up,1,0
9,10Te10Tu48h,2,5,3,Up,2,7
9,10Te10Tu48h,2,5,4,Up,1,4
9,10Te10Tu48h,2,5,5,Up,3,10
10,10Te10Tu48h,2,2,1,Down,0,2
10,10Te10Tu48h,2,2,2,Down,23,3
10,10Te10Tu48h,2,2,3,Down,0,4
10,10Te10Tu48h,2,2,1,Up,1,1
10,10Te10Tu48h,2,2,2,Up,9,7
10,10Te10Tu48h,2,2,3,Up,2,1
10,10Te10Tu48h,2,3,1,Down,41,2
10,10Te10Tu48h,2,3,2,Down,0,1
10,10Te10Tu48h,2,3,3,Down,0,0
10,10Te10Tu48h,2,3,4,Down,2,0
10,10Te10Tu48h,2,3,5,Down,0,1
10,10Te10Tu48h,2,3,1,Up,0,12
10,10Te10Tu48h,2,3,2,Up,12,0
10,10Te10Tu48h,2,3,3,Up,0,0
10,10Te10Tu48h,2,3,4,Up,2,2
10,10Te10Tu48h,2,3,5,Up,1,1
10,10Te10Tu48h,2,4,1,Down,7,7
10,10Te10Tu48h,2,4,2,Down,2,9
10,10Te10Tu48h,2,4,3,Down,9,11
10,10Te10Tu48h,2,4,4,Down,0,12
10,10Te10Tu48h,2,4,5,Down,2,4
10,10Te10Tu48h,2,4,1,Up,4,83
10,10Te10Tu48h,2,4,2,Up,17,13
10,10Te10Tu48h,2,4,3,Up,10,23
10,10Te10Tu48h,2,4,4,Up,2,68
10,10Te10Tu48h,2,4,5,Up,12,25
10,10Te10Tu48h,2,5,1,Down,0,0
10,10Te10Tu48h,2,5,2,Down,0,1
10,10Te10Tu48h,2,5,3,Down,0,0
10,10Te10Tu48h,2,5,4,Down,0,2
10,10Te10Tu48h,2,5,5,Down,4,0
10,10Te10Tu48h,2,5,1,Up,0,0
10,10Te10Tu48h,2,5,2,Up,0,0
10,10Te10Tu48h,2,5,3,Up,0,0
10,10Te10Tu48h,2,5,4,Up,0,0
10,10Te10Tu48h,2,5,5,Up,5,4
1,10Te48h10Tu,1,2,1,Down,4,0
1,10Te48h10Tu,1,2,2,Down,8,1
1,10Te48h10Tu,1,2,3,Down,2,1
1,10Te48h10Tu,1,2,1,Up,0,1
1,10Te48h10Tu,1,2,2,Up,11,3
1,10Te48h10Tu,1,2,3,Up,6,8
1,10Te48h10Tu,1,3,1,Down,20,0
1,10Te48h10Tu,1,3,2,Down,17,0
1,10Te48h10Tu,1,3,3,Down,10,0
1,10Te48h10Tu,1,3,4,Down,0,0
1,10Te48h10Tu,1,3,5,Down,22,0
1,10Te48h10Tu,1,3,1,Up,10,0
1,10Te48h10Tu,1,3,2,Up,11,0
1,10Te48h10Tu,1,3,3,Up,12,1
1,10Te48h10Tu,1,3,4,Up,11,0
1,10Te48h10Tu,1,3,5,Up,26,2
1,10Te48h10Tu,1,4,1,Down,7,0
1,10Te48h10Tu,1,4,2,Down,6,0
1,10Te48h10Tu,1,4,3,Down,15,1
1,10Te48h10Tu,1,4,4,Down,5,0
1,10Te48h10Tu,1,4,5,Down,17,0
1,10Te48h10Tu,1,4,1,Up,36,4
1,10Te48h10Tu,1,4,2,Up,18,2
1,10Te48h10Tu,1,4,3,Up,22,5
1,10Te48h10Tu,1,4,4,Up,40,0
1,10Te48h10Tu,1,4,5,Up,23,0
1,10Te48h10Tu,1,5,1,Down,3,3
1,10Te48h10Tu,1,5,2,Down,0,0
1,10Te48h10Tu,1,5,3,Down,1,0
1,10Te48h10Tu,1,5,4,Down,0,0
1,10Te48h10Tu,1,5,5,Down,2,0
1,10Te48h10Tu,1,5,1,Up,2,0
1,10Te48h10Tu,1,5,2,Up,1,1
1,10Te48h10Tu,1,5,3,Up,1,0
1,10Te48h10Tu,1,5,4,Up,0,0
1,10Te48h10Tu,1,5,5,Up,11,0
2,10Te48h10Tu,1,2,1,Down,9,0
2,10Te48h10Tu,1,2,2,Down,0,0
2,10Te48h10Tu,1,2,3,Down,10,1
2,10Te48h10Tu,1,2,1,Up,8,0
2,10Te48h10Tu,1,2,2,Up,0,0
2,10Te48h10Tu,1,2,3,Up,15,2
2,10Te48h10Tu,1,3,1,Down,0,1
2,10Te48h10Tu,1,3,2,Down,20,2
2,10Te48h10Tu,1,3,3,Down,4,0
2,10Te48h10Tu,1,3,1,Up,25,3
2,10Te48h10Tu,1,3,2,Up,6,6
2,10Te48h10Tu,1,3,3,Up,5,1
2,10Te48h10Tu,1,4,1,Down,6,0
2,10Te48h10Tu,1,4,2,Down,30,0
2,10Te48h10Tu,1,4,3,Down,1,0
2,10Te48h10Tu,1,4,4,Down,18,0
2,10Te48h10Tu,1,4,5,Down,18,0
2,10Te48h10Tu,1,4,1,Up,29,4
2,10Te48h10Tu,1,4,2,Up,51,0
2,10Te48h10Tu,1,4,3,Up,0,0
2,10Te48h10Tu,1,4,4,Up,58,0
2,10Te48h10Tu,1,4,5,Up,81,0
2,10Te48h10Tu,1,5,1,Down,4,0
2,10Te48h10Tu,1,5,2,Down,9,0
2,10Te48h10Tu,1,5,3,Down,3,1
2,10Te48h10Tu,1,5,4,Down,0,2
2,10Te48h10Tu,1,5,5,Down,2,0
2,10Te48h10Tu,1,5,1,Up,7,1
2,10Te48h10Tu,1,5,2,Up,20,3
2,10Te48h10Tu,1,5,3,Up,1,7
2,10Te48h10Tu,1,5,4,Up,0,2
2,10Te48h10Tu,1,5,5,Up,4,0
3,10Te48h10Tu,1,2,1,Down,0,0
3,10Te48h10Tu,1,2,2,Down,15,9
3,10Te48h10Tu,1,2,3,Down,1,1
3,10Te48h10Tu,1,2,1,Up,0,0
3,10Te48h10Tu,1,2,2,Up,22,7
3,10Te48h10Tu,1,2,3,Up,12,12
3,10Te48h10Tu,1,3,1,Down,4,0
3,10Te48h10Tu,1,3,2,Down,0,0
3,10Te48h10Tu,1,3,3,Down,2,2
3,10Te48h10Tu,1,3,4,Down,0,2
3,10Te48h10Tu,1,3,5,Down,0,0
3,10Te48h10Tu,1,3,1,Up,3,0
3,10Te48h10Tu,1,3,2,Up,0,0
3,10Te48h10Tu,1,3,3,Up,12,8
3,10Te48h10Tu,1,3,4,Up,1,1
3,10Te48h10Tu,1,3,5,Up,11,7
3,10Te48h10Tu,1,4,1,Down,1,0
3,10Te48h10Tu,1,4,2,Down,0,0
3,10Te48h10Tu,1,4,3,Down,4,1
3,10Te48h10Tu,1,4,4,Down,4,0
3,10Te48h10Tu,1,4,5,Down,2,1
3,10Te48h10Tu,1,4,1,Up,1,2
3,10Te48h10Tu,1,4,2,Up,3,9
3,10Te48h10Tu,1,4,3,Up,3,11
3,10Te48h10Tu,1,4,4,Up,2,3
3,10Te48h10Tu,1,4,5,Up,1,0
3,10Te48h10Tu,1,5,1,Down,0,0
3,10Te48h10Tu,1,5,2,Down,1,0
3,10Te48h10Tu,1,5,3,Down,0,0
3,10Te48h10Tu,1,5,4,Down,0,0
3,10Te48h10Tu,1,5,5,Down,3,1
3,10Te48h10Tu,1,5,1,Up,1,0
3,10Te48h10Tu,1,5,2,Up,13,6
3,10Te48h10Tu,1,5,3,Up,2,0
3,10Te48h10Tu,1,5,4,Up,5,2
3,10Te48h10Tu,1,5,5,Up,8,4
4,10Te48h10Tu,1,2,1,Down,10,0
4,10Te48h10Tu,1,2,2,Down,11,1
4,10Te48h10Tu,1,2,3,Down,0,1
4,10Te48h10Tu,1,2,1,Up,5,1
4,10Te48h10Tu,1,2,2,Up,4,0
4,10Te48h10Tu,1,2,3,Up,1,0
4,10Te48h10Tu,1,3,1,Down,5,0
4,10Te48h10Tu,1,3,2,Down,22,1
4,10Te48h10Tu,1,3,3,Down,1,0
4,10Te48h10Tu,1,3,4,Down,4,2
4,10Te48h10Tu,1,3,5,Down,4,2
4,10Te48h10Tu,1,3,1,Up,9,0
4,10Te48h10Tu,1,3,2,Up,65,0
4,10Te48h10Tu,1,3,3,Up,1,1
4,10Te48h10Tu,1,3,4,Up,10,3
4,10Te48h10Tu,1,3,5,Up,17,0
4,10Te48h10Tu,1,4,1,Down,10,1
4,10Te48h10Tu,1,4,2,Down,20,0
4,10Te48h10Tu,1,4,3,Down,10,0
4,10Te48h10Tu,1,4,4,Down,32,28
4,10Te48h10Tu,1,4,5,Down,16,2
4,10Te48h10Tu,1,4,1,Up,17,0
4,10Te48h10Tu,1,4,2,Up,25,2
4,10Te48h10Tu,1,4,3,Up,11,0
4,10Te48h10Tu,1,4,4,Up,29,0
4,10Te48h10Tu,1,4,5,Up,36,3
4,10Te48h10Tu,1,5,1,Down,0,0
4,10Te48h10Tu,1,5,2,Down,0,0
4,10Te48h10Tu,1,5,3,Down,1,0
4,10Te48h10Tu,1,5,4,Down,0,0
4,10Te48h10Tu,1,5,5,Down,0,0
4,10Te48h10Tu,1,5,1,Up,0,0
4,10Te48h10Tu,1,5,2,Up,0,0
4,10Te48h10Tu,1,5,3,Up,0,3
4,10Te48h10Tu,1,5,4,Up,0,1
4,10Te48h10Tu,1,5,5,Up,4,1
5,10Te48h10Tu,1,2,1,Down,3,2
5,10Te48h10Tu,1,2,2,Down,13,4
5,10Te48h10Tu,1,2,3,Down,1,2
5,10Te48h10Tu,1,2,1,Up,5,8
5,10Te48h10Tu,1,2,2,Up,13,2
5,10Te48h10Tu,1,2,3,Up,3,4
5,10Te48h10Tu,1,3,1,Down,6,0
5,10Te48h10Tu,1,3,2,Down,17,1
5,10Te48h10Tu,1,3,3,Down,16,2
5,10Te48h10Tu,1,3,4,Down,19,2
5,10Te48h10Tu,1,3,5,Down,6,2
5,10Te48h10Tu,1,3,1,Up,0,0
5,10Te48h10Tu,1,3,2,Up,42,1
5,10Te48h10Tu,1,3,3,Up,30,2
5,10Te48h10Tu,1,3,4,Up,35,2
5,10Te48h10Tu,1,3,5,Up,8,5
5,10Te48h10Tu,1,4,1,Down,9,3
5,10Te48h10Tu,1,4,2,Down,32,4
5,10Te48h10Tu,1,4,3,Down,16,2
5,10Te48h10Tu,1,4,4,Down,1,0
5,10Te48h10Tu,1,4,5,Down,0,0
5,10Te48h10Tu,1,4,1,Up,28,4
5,10Te48h10Tu,1,4,2,Up,35,4
5,10Te48h10Tu,1,4,3,Up,0,0
5,10Te48h10Tu,1,4,4,Up,29,5
5,10Te48h10Tu,1,4,5,Up,5,1
5,10Te48h10Tu,1,5,1,Down,10,0
5,10Te48h10Tu,1,5,2,Down,5,0
5,10Te48h10Tu,1,5,3,Down,2,0
5,10Te48h10Tu,1,5,4,Down,2,0
5,10Te48h10Tu,1,5,5,Down,10,0
5,10Te48h10Tu,1,5,1,Up,43,0
5,10Te48h10Tu,1,5,2,Up,18,0
5,10Te48h10Tu,1,5,3,Up,4,0
5,10Te48h10Tu,1,5,4,Up,4,0
5,10Te48h10Tu,1,5,5,Up,46,1
6,10Te48h10Tu,2,2,1,Down,4,0
6,10Te48h10Tu,2,2,2,Down,0,0
6,10Te48h10Tu,2,2,3,Down,0,1
6,10Te48h10Tu,2,2,1,Up,0,0
6,10Te48h10Tu,2,2,2,Up,0,0
6,10Te48h10Tu,2,2,3,Up,0,0
6,10Te48h10Tu,2,3,1,Down,0,1
6,10Te48h10Tu,2,3,2,Down,0,4
6,10Te48h10Tu,2,3,3,Down,1,8
6,10Te48h10Tu,2,3,4,Down,10,2
6,10Te48h10Tu,2,3,5,Down,1,4
6,10Te48h10Tu,2,3,1,Up,2,16
6,10Te48h10Tu,2,3,2,Up,2,10
6,10Te48h10Tu,2,3,3,Up,2,10
6,10Te48h10Tu,2,3,4,Up,3,1
6,10Te48h10Tu,2,3,5,Up,1,4
6,10Te48h10Tu,2,4,1,Down,4,2
6,10Te48h10Tu,2,4,2,Down,14,1
6,10Te48h10Tu,2,4,3,Down,13,2
6,10Te48h10Tu,2,4,4,Down,13,1
6,10Te48h10Tu,2,4,5,Down,0,0
6,10Te48h10Tu,2,4,1,Up,5,11
6,10Te48h10Tu,2,4,2,Up,10,2
6,10Te48h10Tu,2,4,3,Up,20,2
6,10Te48h10Tu,2,4,4,Up,27,3
6,10Te48h10Tu,2,4,5,Up,43,11
6,10Te48h10Tu,2,5,1,Down,0,1
6,10Te48h10Tu,2,5,2,Down,6,1
6,10Te48h10Tu,2,5,3,Down,3,3
6,10Te48h10Tu,2,5,4,Down,11,0
6,10Te48h10Tu,2,5,5,Down,10,0
6,10Te48h10Tu,2,5,1,Up,3,2
6,10Te48h10Tu,2,5,2,Up,24,14
6,10Te48h10Tu,2,5,3,Up,14,3
6,10Te48h10Tu,2,5,4,Up,13,3
6,10Te48h10Tu,2,5,5,Up,12,2
7,10Te48h10Tu,2,2,1,Down,3,5
7,10Te48h10Tu,2,2,2,Down,15,1
7,10Te48h10Tu,2,2,3,Down,2,0
7,10Te48h10Tu,2,2,1,Up,5,11
7,10Te48h10Tu,2,2,2,Up,7,9
7,10Te48h10Tu,2,2,3,Up,0,0
7,10Te48h10Tu,2,3,1,Down,0,0
7,10Te48h10Tu,2,3,2,Down,18,0
7,10Te48h10Tu,2,3,3,Down,3,0
7,10Te48h10Tu,2,3,4,Down,11,0
7,10Te48h10Tu,2,3,5,Down,17,0
7,10Te48h10Tu,2,3,1,Up,9,3
7,10Te48h10Tu,2,3,2,Up,14,0
7,10Te48h10Tu,2,3,3,Up,9,2
7,10Te48h10Tu,2,3,4,Up,3,0
7,10Te48h10Tu,2,3,5,Up,33,0
7,10Te48h10Tu,2,4,1,Down,1,1
7,10Te48h10Tu,2,4,2,Down,3,1
7,10Te48h10Tu,2,4,3,Down,41,0
7,10Te48h10Tu,2,4,4,Down,16,0
7,10Te48h10Tu,2,4,5,Down,0,4
7,10Te48h10Tu,2,4,1,Up,1,13
7,10Te48h10Tu,2,4,2,Up,0,0
7,10Te48h10Tu,2,4,3,Up,4,5
7,10Te48h10Tu,2,4,4,Up,58,8
7,10Te48h10Tu,2,4,5,Up,9,17
7,10Te48h10Tu,2,5,1,Down,0,0
7,10Te48h10Tu,2,5,2,Down,3,0
7,10Te48h10Tu,2,5,3,Down,0,0
7,10Te48h10Tu,2,5,4,Down,0,0
7,10Te48h10Tu,2,5,5,Down,0,0
7,10Te48h10Tu,2,5,1,Up,0,1
7,10Te48h10Tu,2,5,2,Up,0,0
7,10Te48h10Tu,2,5,3,Up,14,0
7,10Te48h10Tu,2,5,4,Up,9,0
7,10Te48h10Tu,2,5,5,Up,0,0
8,10Te48h10Tu,2,2,1,Down,0,0
8,10Te48h10Tu,2,2,2,Down,36,2
8,10Te48h10Tu,2,2,3,Down,26,0
8,10Te48h10Tu,2,2,1,Up,0,0
8,10Te48h10Tu,2,2,2,Up,17,2
8,10Te48h10Tu,2,2,3,Up,26,1
8,10Te48h10Tu,2,3,1,Down,0,0
8,10Te48h10Tu,2,3,2,Down,4,6
8,10Te48h10Tu,2,3,3,Down,7,1
8,10Te48h10Tu,2,3,4,Down,14,2
8,10Te48h10Tu,2,3,5,Down,1,4
8,10Te48h10Tu,2,3,1,Up,2,4
8,10Te48h10Tu,2,3,2,Up,0,0
8,10Te48h10Tu,2,3,3,Up,3,33
8,10Te48h10Tu,2,3,4,Up,8,16
8,10Te48h10Tu,2,3,5,Up,19,0
8,10Te48h10Tu,2,4,1,Down,0,2
8,10Te48h10Tu,2,4,2,Down,3,0
8,10Te48h10Tu,2,4,3,Down,1,1
8,10Te48h10Tu,2,4,4,Down,5,1
8,10Te48h10Tu,2,4,5,Down,2,0
8,10Te48h10Tu,2,4,1,Up,12,5
8,10Te48h10Tu,2,4,2,Up,5,0
8,10Te48h10Tu,2,4,3,Up,1,0
8,10Te48h10Tu,2,4,4,Up,22,0
8,10Te48h10Tu,2,4,5,Up,20,4
8,10Te48h10Tu,2,5,1,Down,2,1
8,10Te48h10Tu,2,5,2,Down,2,0
8,10Te48h10Tu,2,5,3,Down,9,0
8,10Te48h10Tu,2,5,4,Down,2,1
8,10Te48h10Tu,2,5,5,Down,0,0
8,10Te48h10Tu,2,5,1,Up,3,1
8,10Te48h10Tu,2,5,2,Up,12,0
8,10Te48h10Tu,2,5,3,Up,62,9
8,10Te48h10Tu,2,5,4,Up,89,5
8,10Te48h10Tu,2,5,5,Up,3,1
9,10Te48h10Tu,2,2,1,Down,52,5
9,10Te48h10Tu,2,2,2,Down,32,4
9,10Te48h10Tu,2,2,3,Down,0,0
9,10Te48h10Tu,2,2,1,Up,66,4
9,10Te48h10Tu,2,2,2,Up,8,7
9,10Te48h10Tu,2,2,3,Up,2,3
9,10Te48h10Tu,2,3,1,Down,1,1
9,10Te48h10Tu,2,3,2,Down,2,0
9,10Te48h10Tu,2,3,3,Down,0,2
9,10Te48h10Tu,2,3,4,Down,2,1
9,10Te48h10Tu,2,3,5,Down,4,2
9,10Te48h10Tu,2,3,1,Up,6,2
9,10Te48h10Tu,2,3,2,Up,10,0
9,10Te48h10Tu,2,3,3,Up,5,7
9,10Te48h10Tu,2,3,4,Up,11,10
9,10Te48h10Tu,2,3,5,Up,21,4
9,10Te48h10Tu,2,4,1,Down,4,0
9,10Te48h10Tu,2,4,2,Down,8,2
9,10Te48h10Tu,2,4,3,Down,1,0
9,10Te48h10Tu,2,4,4,Down,0,1
9,10Te48h10Tu,2,4,5,Down,0,0
9,10Te48h10Tu,2,4,1,Up,8,4
9,10Te48h10Tu,2,4,2,Up,61,3
9,10Te48h10Tu,2,4,3,Up,5,4
9,10Te48h10Tu,2,4,4,Up,0,0
9,10Te48h10Tu,2,4,5,Up,0,2
9,10Te48h10Tu,2,5,1,Down,6,0
9,10Te48h10Tu,2,5,2,Down,8,0
9,10Te48h10Tu,2,5,3,Down,7,1
9,10Te48h10Tu,2,5,4,Down,8,0
9,10Te48h10Tu,2,5,5,Down,0,0
9,10Te48h10Tu,2,5,1,Up,23,0
9,10Te48h10Tu,2,5,2,Up,10,0
9,10Te48h10Tu,2,5,3,Up,7,1
9,10Te48h10Tu,2,5,4,Up,7,0
9,10Te48h10Tu,2,5,5,Up,15,2
10,10Te48h10Tu,2,2,1,Down,0,2
10,10Te48h10Tu,2,2,2,Down,1,1
10,10Te48h10Tu,2,2,3,Down,0,0
10,10Te48h10Tu,2,2,1,Up,1,1
10,10Te48h10Tu,2,2,2,Up,1,0
10,10Te48h10Tu,2,2,3,Up,7,1
10,10Te48h10Tu,2,3,1,Down,9,2
10,10Te48h10Tu,2,3,2,Down,4,1
10,10Te48h10Tu,2,3,3,Down,55,4
10,10Te48h10Tu,2,3,4,Down,3,0
10,10Te48h10Tu,2,3,5,Down,4,2
10,10Te48h10Tu,2,3,1,Up,8,5
10,10Te48h10Tu,2,3,2,Up,17,6
10,10Te48h10Tu,2,3,3,Up,71,4
10,10Te48h10Tu,2,3,4,Up,17,2
10,10Te48h10Tu,2,3,5,Up,1,26
10,10Te48h10Tu,2,4,1,Down,3,3
10,10Te48h10Tu,2,4,2,Down,2,0
10,10Te48h10Tu,2,4,3,Down,9,0
10,10Te48h10Tu,2,4,4,Down,13,2
10,10Te48h10Tu,2,4,5,Down,1,2
10,10Te48h10Tu,2,4,1,Up,14,3
10,10Te48h10Tu,2,4,2,Up,8,0
10,10Te48h10Tu,2,4,3,Up,16,1
10,10Te48h10Tu,2,4,4,Up,11,2
10,10Te48h10Tu,2,4,5,Up,2,6
10,10Te48h10Tu,2,5,1,Down,6,2
10,10Te48h10Tu,2,5,2,Down,0,1
10,10Te48h10Tu,2,5,3,Down,1,1
10,10Te48h10Tu,2,5,4,Down,0,0
10,10Te48h10Tu,2,5,5,Down,0,0
10,10Te48h10Tu,2,5,1,Up,1,5
10,10Te48h10Tu,2,5,2,Up,0,1
10,10Te48h10Tu,2,5,3,Up,0,4
10,10Te48h10Tu,2,5,4,Up,0,1
10,10Te48h10Tu,2,5,5,Up,0,0
1,19Te1Tu,1,2,1,Down,17,0
1,19Te1Tu,1,2,2,Down,11,0
1,19Te1Tu,1,2,3,Down,17,0
1,19Te1Tu,1,2,1,Up,23,0
1,19Te1Tu,1,2,2,Up,19,0
1,19Te1Tu,1,2,3,Up,30,0
1,19Te1Tu,1,3,1,Down,21,0
1,19Te1Tu,1,3,2,Down,21,0
1,19Te1Tu,1,3,3,Down,18,1
1,19Te1Tu,1,3,4,Down,11,0
1,19Te1Tu,1,3,5,Down,5,0
1,19Te1Tu,1,3,1,Up,60,4
1,19Te1Tu,1,3,2,Up,30,2
1,19Te1Tu,1,3,3,Up,24,5
1,19Te1Tu,1,3,4,Up,18,2
1,19Te1Tu,1,3,5,Up,15,0
1,19Te1Tu,1,4,1,Down,13,3
1,19Te1Tu,1,4,2,Down,20,1
1,19Te1Tu,1,4,3,Down,19,0
1,19Te1Tu,1,4,4,Down,37,0
1,19Te1Tu,1,4,5,Down,7,0
1,19Te1Tu,1,4,1,Up,50,0
1,19Te1Tu,1,4,2,Up,81,3
1,19Te1Tu,1,4,3,Up,51,0
1,19Te1Tu,1,4,4,Up,67,0
1,19Te1Tu,1,4,5,Up,21,0
1,19Te1Tu,1,5,1,Down,0,0
1,19Te1Tu,1,5,2,Down,4,0
1,19Te1Tu,1,5,3,Down,4,0
1,19Te1Tu,1,5,4,Down,0,0
1,19Te1Tu,1,5,5,Down,11,1
1,19Te1Tu,1,5,1,Up,8,0
1,19Te1Tu,1,5,2,Up,12,1
1,19Te1Tu,1,5,3,Up,37,1
1,19Te1Tu,1,5,4,Up,42,6
1,19Te1Tu,1,5,5,Up,20,0
2,19Te1Tu,1,2,1,Down,3,0
2,19Te1Tu,1,2,2,Down,21,0
2,19Te1Tu,1,2,3,Down,5,0
2,19Te1Tu,1,2,1,Up,2,0
2,19Te1Tu,1,2,2,Up,61,0
2,19Te1Tu,1,2,3,Up,14,0
2,19Te1Tu,1,3,1,Down,9,0
2,19Te1Tu,1,3,2,Down,0,0
2,19Te1Tu,1,3,3,Down,3,0
2,19Te1Tu,1,3,4,Down,5,0
2,19Te1Tu,1,3,5,Down,1,0
2,19Te1Tu,1,3,1,Up,27,0
2,19Te1Tu,1,3,2,Up,9,0
2,19Te1Tu,1,3,3,Up,6,0
2,19Te1Tu,1,3,4,Up,12,0
2,19Te1Tu,1,3,5,Up,2,0
2,19Te1Tu,1,4,1,Down,12,0
2,19Te1Tu,1,4,2,Down,9,0
2,19Te1Tu,1,4,3,Down,15,1
2,19Te1Tu,1,4,4,Down,2,0
2,19Te1Tu,1,4,5,Down,26,0
2,19Te1Tu,1,4,1,Up,40,0
2,19Te1Tu,1,4,2,Up,31,1
2,19Te1Tu,1,4,3,Up,49,0
2,19Te1Tu,1,4,4,Up,13,1
2,19Te1Tu,1,4,5,Up,78,0
2,19Te1Tu,1,5,1,Down,0,0
2,19Te1Tu,1,5,2,Down,1,0
2,19Te1Tu,1,5,3,Down,0,0
2,19Te1Tu,1,5,4,Down,0,0
2,19Te1Tu,1,5,5,Down,0,0
2,19Te1Tu,1,5,1,Up,1,0
2,19Te1Tu,1,5,2,Up,2,0
2,19Te1Tu,1,5,3,Up,3,0
2,19Te1Tu,1,5,4,Up,1,0
2,19Te1Tu,1,5,5,Up,0,0
3,19Te1Tu,1,2,1,Down,8,0
3,19Te1Tu,1,2,2,Down,1,0
3,19Te1Tu,1,2,3,Down,0,0
3,19Te1Tu,1,2,1,Up,14,0
3,19Te1Tu,1,2,2,Up,7,0
3,19Te1Tu,1,2,3,Up,3,0
3,19Te1Tu,1,3,1,Down,11,0
3,19Te1Tu,1,3,2,Down,1,0
3,19Te1Tu,1,3,3,Down,0,0
3,19Te1Tu,1,3,4,Down,10,0
3,19Te1Tu,1,3,1,Up,37,0
3,19Te1Tu,1,3,2,Up,6,0
3,19Te1Tu,1,3,3,Up,3,0
3,19Te1Tu,1,3,4,Up,18,0
3,19Te1Tu,1,4,1,Down,0,0
3,19Te1Tu,1,4,2,Down,6,0
3,19Te1Tu,1,4,3,Down,9,0
3,19Te1Tu,1,4,4,Down,1,0
3,19Te1Tu,1,4,5,Down,14,0
3,19Te1Tu,1,4,1,Up,0,0
3,19Te1Tu,1,4,2,Up,11,0
3,19Te1Tu,1,4,3,Up,8,0
3,19Te1Tu,1,4,4,Up,4,0
3,19Te1Tu,1,4,5,Up,23,1
3,19Te1Tu,1,5,1,Down,2,0
3,19Te1Tu,1,5,2,Down,8,0
3,19Te1Tu,1,5,3,Down,14,0
3,19Te1Tu,1,5,4,Down,3,0
3,19Te1Tu,1,5,5,Down,0,0
3,19Te1Tu,1,5,1,Up,4,0
3,19Te1Tu,1,5,2,Up,12,0
3,19Te1Tu,1,5,3,Up,23,0
3,19Te1Tu,1,5,4,Up,12,0
3,19Te1Tu,1,5,5,Up,0,0
4,19Te1Tu,1,2,1,Down,5,1
4,19Te1Tu,1,2,2,Down,8,3
4,19Te1Tu,1,2,3,Down,9,0
4,19Te1Tu,1,2,1,Up,11,1
4,19Te1Tu,1,2,2,Up,10,6
4,19Te1Tu,1,2,3,Up,4,2
4,19Te1Tu,1,3,1,Down,3,0
4,19Te1Tu,1,3,2,Down,2,0
4,19Te1Tu,1,3,3,Down,6,1
4,19Te1Tu,1,3,4,Down,9,0
4,19Te1Tu,1,3,5,Down,8,0
4,19Te1Tu,1,3,1,Up,6,0
4,19Te1Tu,1,3,2,Up,12,0
4,19Te1Tu,1,3,3,Up,10,0
4,19Te1Tu,1,3,4,Up,47,0
4,19Te1Tu,1,3,5,Up,31,4
4,19Te1Tu,1,4,1,Down,8,1
4,19Te1Tu,1,4,2,Down,17,0
4,19Te1Tu,1,4,3,Down,16,0
4,19Te1Tu,1,4,4,Down,13,0
4,19Te1Tu,1,4,5,Down,0,0
4,19Te1Tu,1,4,1,Up,18,0
4,19Te1Tu,1,4,2,Up,27,5
4,19Te1Tu,1,4,3,Up,22,0
4,19Te1Tu,1,4,4,Up,29,3
4,19Te1Tu,1,4,5,Up,3,1
4,19Te1Tu,1,5,1,Down,0,0
4,19Te1Tu,1,5,2,Down,0,0
4,19Te1Tu,1,5,3,Down,0,0
4,19Te1Tu,1,5,4,Down,0,0
4,19Te1Tu,1,5,5,Down,0,0
4,19Te1Tu,1,5,1,Up,1,0
4,19Te1Tu,1,5,2,Up,4,0
4,19Te1Tu,1,5,3,Up,0,0
4,19Te1Tu,1,5,4,Up,1,0
4,19Te1Tu,1,5,5,Up,0,0
5,19Te1Tu,1,2,1,Down,0,0
5,19Te1Tu,1,2,2,Down,3,0
5,19Te1Tu,1,2,3,Down,0,0
5,19Te1Tu,1,2,1,Up,0,0
5,19Te1Tu,1,2,2,Up,22,0
5,19Te1Tu,1,2,3,Up,0,0
5,19Te1Tu,1,3,1,Down,0,0
5,19Te1Tu,1,3,2,Down,4,0
5,19Te1Tu,1,3,3,Down,3,0
5,19Te1Tu,1,3,4,Down,1,0
5,19Te1Tu,1,3,5,Down,5,0
5,19Te1Tu,1,3,1,Up,6,0
5,19Te1Tu,1,3,2,Up,1,0
5,19Te1Tu,1,3,3,Up,13,0
5,19Te1Tu,1,3,4,Up,7,1
5,19Te1Tu,1,3,5,Up,18,0
5,19Te1Tu,1,4,1,Down,7,1
5,19Te1Tu,1,4,2,Down,23,0
5,19Te1Tu,1,4,3,Down,10,0
5,19Te1Tu,1,4,4,Down,52,0
5,19Te1Tu,1,4,5,Down,7,0
5,19Te1Tu,1,4,1,Up,20,0
5,19Te1Tu,1,4,2,Up,25,0
5,19Te1Tu,1,4,3,Up,35,0
5,19Te1Tu,1,4,4,Up,47,0
5,19Te1Tu,1,4,5,Up,9,0
5,19Te1Tu,1,5,1,Down,28,0
5,19Te1Tu,1,5,2,Down,7,0
5,19Te1Tu,1,5,3,Down,5,0
5,19Te1Tu,1,5,4,Down,4,0
5,19Te1Tu,1,5,5,Down,1,0
5,19Te1Tu,1,5,1,Up,23,0
5,19Te1Tu,1,5,2,Up,10,0
5,19Te1Tu,1,5,3,Up,0,0
5,19Te1Tu,1,5,4,Up,5,0
5,19Te1Tu,1,5,5,Up,3,0
6,19Te1Tu,2,2,1,Down,5,0
6,19Te1Tu,2,2,2,Down,37,1
6,19Te1Tu,2,2,3,Down,5,0
6,19Te1Tu,2,2,1,Up,10,0
6,19Te1Tu,2,2,2,Up,16,1
6,19Te1Tu,2,2,3,Up,2,0
6,19Te1Tu,2,3,1,Down,2,0
6,19Te1Tu,2,3,2,Down,0,0
6,19Te1Tu,2,3,3,Down,14,0
6,19Te1Tu,2,3,4,Down,14,0
6,19Te1Tu,2,3,5,Down,12,0
6,19Te1Tu,2,3,1,Up,12,0
6,19Te1Tu,2,3,2,Up,0,0
6,19Te1Tu,2,3,3,Up,8,0
6,19Te1Tu,2,3,4,Up,22,0
6,19Te1Tu,2,3,5,Up,9,0
6,19Te1Tu,2,4,1,Down,12,0
6,19Te1Tu,2,4,2,Down,0,0
6,19Te1Tu,2,4,3,Down,23,0
6,19Te1Tu,2,4,4,Down,20,0
6,19Te1Tu,2,4,5,Down,21,0
6,19Te1Tu,2,4,1,Up,26,0
6,19Te1Tu,2,4,2,Up,19,0
6,19Te1Tu,2,4,3,Up,44,0
6,19Te1Tu,2,4,4,Up,43,0
6,19Te1Tu,2,4,5,Up,69,0
6,19Te1Tu,2,5,1,Down,1,0
6,19Te1Tu,2,5,2,Down,0,0
6,19Te1Tu,2,5,3,Down,2,0
6,19Te1Tu,2,5,4,Down,0,0
6,19Te1Tu,2,5,5,Down,2,0
6,19Te1Tu,2,5,1,Up,3,0
6,19Te1Tu,2,5,2,Up,0,0
6,19Te1Tu,2,5,3,Up,0,0
6,19Te1Tu,2,5,4,Up,3,0
6,19Te1Tu,2,5,5,Up,16,0
7,19Te1Tu,2,2,1,Down,33,0
7,19Te1Tu,2,2,2,Down,14,0
7,19Te1Tu,2,2,3,Down,13,0
7,19Te1Tu,2,2,1,Up,14,0
7,19Te1Tu,2,2,2,Up,8,0
7,19Te1Tu,2,2,3,Up,23,0
7,19Te1Tu,2,3,1,Down,7,0
7,19Te1Tu,2,3,2,Down,17,0
7,19Te1Tu,2,3,3,Down,19,0
7,19Te1Tu,2,3,4,Down,26,0
7,19Te1Tu,2,3,5,Down,0,0
7,19Te1Tu,2,3,1,Up,21,0
7,19Te1Tu,2,3,2,Up,18,0
7,19Te1Tu,2,3,3,Up,29,0
7,19Te1Tu,2,3,4,Up,18,0
7,19Te1Tu,2,3,5,Up,14,0
7,19Te1Tu,2,4,1,Down,14,0
7,19Te1Tu,2,4,2,Down,8,0
7,19Te1Tu,2,4,3,Down,6,0
7,19Te1Tu,2,4,4,Down,4,0
7,19Te1Tu,2,4,5,Down,3,0
7,19Te1Tu,2,4,1,Up,36,0
7,19Te1Tu,2,4,2,Up,19,0
7,19Te1Tu,2,4,3,Up,7,0
7,19Te1Tu,2,4,4,Up,2,0
7,19Te1Tu,2,4,5,Up,28,0
7,19Te1Tu,2,5,1,Down,26,0
7,19Te1Tu,2,5,2,Down,55,1
7,19Te1Tu,2,5,3,Down,123,0
7,19Te1Tu,2,5,4,Down,58,0
7,19Te1Tu,2,5,5,Down,24,1
7,19Te1Tu,2,5,1,Up,43,2
7,19Te1Tu,2,5,2,Up,85,0
7,19Te1Tu,2,5,3,Up,149,0
7,19Te1Tu,2,5,4,Up,92,0
7,19Te1Tu,2,5,5,Up,34,0
8,19Te1Tu,2,2,1,Down,21,0
8,19Te1Tu,2,2,2,Down,11,0
8,19Te1Tu,2,2,3,Down,0,0
8,19Te1Tu,2,2,1,Up,4,0
8,19Te1Tu,2,2,2,Up,7,0
8,19Te1Tu,2,2,3,Up,0,0
8,19Te1Tu,2,3,1,Down,8,0
8,19Te1Tu,2,3,2,Down,33,0
8,19Te1Tu,2,3,3,Down,47,0
8,19Te1Tu,2,3,4,Down,53,0
8,19Te1Tu,2,3,5,Down,22,0
8,19Te1Tu,2,3,1,Up,36,1
8,19Te1Tu,2,3,2,Up,17,0
8,19Te1Tu,2,3,3,Up,37,0
8,19Te1Tu,2,3,4,Up,41,0
8,19Te1Tu,2,3,5,Up,24,2
8,19Te1Tu,2,4,1,Down,4,0
8,19Te1Tu,2,4,2,Down,0,0
8,19Te1Tu,2,4,3,Down,10,1
8,19Te1Tu,2,4,4,Down,7,1
8,19Te1Tu,2,4,5,Down,9,1
8,19Te1Tu,2,4,1,Up,11,3
8,19Te1Tu,2,4,2,Up,3,2
8,19Te1Tu,2,4,3,Up,38,3
8,19Te1Tu,2,4,4,Up,69,3
8,19Te1Tu,2,4,5,Up,13,1
8,19Te1Tu,2,5,1,Down,0,0
8,19Te1Tu,2,5,2,Down,0,0
8,19Te1Tu,2,5,3,Down,0,0
8,19Te1Tu,2,5,4,Down,0,0
8,19Te1Tu,2,5,5,Down,1,0
8,19Te1Tu,2,5,1,Up,0,0
8,19Te1Tu,2,5,2,Up,4,0
8,19Te1Tu,2,5,3,Up,1,0
8,19Te1Tu,2,5,4,Up,1,0
8,19Te1Tu,2,5,5,Up,6,0
9,19Te1Tu,2,2,1,Down,5,0
9,19Te1Tu,2,2,2,Down,8,0
9,19Te1Tu,2,2,3,Down,2,0
9,19Te1Tu,2,2,1,Up,9,0
9,19Te1Tu,2,2,2,Up,10,1
9,19Te1Tu,2,2,3,Up,3,0
9,19Te1Tu,2,3,1,Down,6,2
9,19Te1Tu,2,3,2,Down,12,0
9,19Te1Tu,2,3,3,Down,28,0
9,19Te1Tu,2,3,4,Down,12,0
9,19Te1Tu,2,3,5,Down,6,1
9,19Te1Tu,2,3,1,Up,17,6
9,19Te1Tu,2,3,2,Up,11,0
9,19Te1Tu,2,3,3,Up,12,1
9,19Te1Tu,2,3,4,Up,5,1
9,19Te1Tu,2,3,5,Up,45,1
9,19Te1Tu,2,4,1,Down,8,0
9,19Te1Tu,2,4,2,Down,11,0
9,19Te1Tu,2,4,3,Down,3,0
9,19Te1Tu,2,4,4,Down,0,0
9,19Te1Tu,2,4,5,Down,16,0
9,19Te1Tu,2,4,1,Up,57,0
9,19Te1Tu,2,4,2,Up,5,0
9,19Te1Tu,2,4,3,Up,4,0
9,19Te1Tu,2,4,4,Up,0,0
9,19Te1Tu,2,4,5,Up,27,2
9,19Te1Tu,2,5,1,Down,6,0
9,19Te1Tu,2,5,2,Down,12,0
9,19Te1Tu,2,5,3,Down,6,0
9,19Te1Tu,2,5,4,Down,15,0
9,19Te1Tu,2,5,5,Down,12,0
9,19Te1Tu,2,5,1,Up,28,0
9,19Te1Tu,2,5,2,Up,14,0
9,19Te1Tu,2,5,3,Up,20,0
9,19Te1Tu,2,5,4,Up,19,0
9,19Te1Tu,2,5,5,Up,52,0
10,19Te1Tu,2,2,1,Down,7,0
10,19Te1Tu,2,2,2,Down,8,0
10,19Te1Tu,2,2,3,Down,13,0
10,19Te1Tu,2,2,1,Up,13,0
10,19Te1Tu,2,2,2,Up,13,0
10,19Te1Tu,2,2,3,Up,31,0
10,19Te1Tu,2,3,1,Down,0,0
10,19Te1Tu,2,3,2,Down,6,0
10,19Te1Tu,2,3,3,Down,31,0
10,19Te1Tu,2,3,4,Down,10,0
10,19Te1Tu,2,3,5,Down,0,0
10,19Te1Tu,2,3,1,Up,0,0
10,19Te1Tu,2,3,2,Up,0,0
10,19Te1Tu,2,3,3,Up,16,0
10,19Te1Tu,2,3,4,Up,79,0
10,19Te1Tu,2,3,5,Up,32,0
10,19Te1Tu,2,4,1,Down,1,0
10,19Te1Tu,2,4,2,Down,2,0
10,19Te1Tu,2,4,3,Down,15,0
10,19Te1Tu,2,4,4,Down,48,0
10,19Te1Tu,2,4,5,Down,62,0
10,19Te1Tu,2,4,1,Up,15,1
10,19Te1Tu,2,4,2,Up,37,0
10,19Te1Tu,2,4,3,Up,35,0
10,19Te1Tu,2,4,4,Up,44,0
10,19Te1Tu,2,4,5,Up,103,1
10,19Te1Tu,2,5,1,Down,9,0
10,19Te1Tu,2,5,2,Down,0,0
10,19Te1Tu,2,5,3,Down,0,0
10,19Te1Tu,2,5,4,Down,5,0
10,19Te1Tu,2,5,5,Down,1,0
10,19Te1Tu,2,5,1,Up,23,0
10,19Te1Tu,2,5,2,Up,1,0
10,19Te1Tu,2,5,3,Up,0,0
10,19Te1Tu,2,5,4,Up,0,0
10,19Te1Tu,2,5,5,Up,37,3
1,19Te48h1Tu,1,2,1,Down,6,0
1,19Te48h1Tu,1,2,2,Down,3,0
1,19Te48h1Tu,1,2,3,Down,6,0
1,19Te48h1Tu,1,2,1,Up,10,0
1,19Te48h1Tu,1,2,2,Up,22,0
1,19Te48h1Tu,1,2,3,Up,15,0
1,19Te48h1Tu,1,3,1,Down,3,0
1,19Te48h1Tu,1,3,2,Down,21,0
1,19Te48h1Tu,1,3,3,Down,26,0
1,19Te48h1Tu,1,3,4,Down,31,1
1,19Te48h1Tu,1,3,5,Down,17,0
1,19Te48h1Tu,1,3,1,Up,5,0
1,19Te48h1Tu,1,3,2,Up,30,0
1,19Te48h1Tu,1,3,3,Up,44,0
1,19Te48h1Tu,1,3,4,Up,72,0
1,19Te48h1Tu,1,3,5,Up,44,0
1,19Te48h1Tu,1,4,1,Down,27,0
1,19Te48h1Tu,1,4,2,Down,30,0
1,19Te48h1Tu,1,4,3,Down,4,0
1,19Te48h1Tu,1,4,4,Down,7,0
1,19Te48h1Tu,1,4,5,Down,2,0
1,19Te48h1Tu,1,4,1,Up,57,0
1,19Te48h1Tu,1,4,2,Up,19,0
1,19Te48h1Tu,1,4,3,Up,27,0
1,19Te48h1Tu,1,4,4,Up,89,0
1,19Te48h1Tu,1,4,5,Up,8,0
1,19Te48h1Tu,1,5,1,Down,2,0
1,19Te48h1Tu,1,5,2,Down,0,0
1,19Te48h1Tu,1,5,3,Down,0,0
1,19Te48h1Tu,1,5,4,Down,7,0
1,19Te48h1Tu,1,5,5,Down,4,0
1,19Te48h1Tu,1,5,1,Up,3,0
1,19Te48h1Tu,1,5,2,Up,3,0
1,19Te48h1Tu,1,5,3,Up,1,0
1,19Te48h1Tu,1,5,4,Up,14,0
1,19Te48h1Tu,1,5,5,Up,8,0
2,19Te48h1Tu,1,2,1,Down,0,0
2,19Te48h1Tu,1,2,2,Down,0,0
2,19Te48h1Tu,1,2,3,Down,4,4
2,19Te48h1Tu,1,2,1,Up,1,0
2,19Te48h1Tu,1,2,2,Up,1,0
2,19Te48h1Tu,1,2,3,Up,4,0
2,19Te48h1Tu,1,3,1,Down,5,1
2,19Te48h1Tu,1,3,2,Down,7,0
2,19Te48h1Tu,1,3,3,Down,4,0
2,19Te48h1Tu,1,3,4,Down,1,0
2,19Te48h1Tu,1,3,5,Down,20,20
2,19Te48h1Tu,1,3,1,Up,19,6
2,19Te48h1Tu,1,3,2,Up,11,0
2,19Te48h1Tu,1,3,3,Up,22,0
2,19Te48h1Tu,1,3,4,Up,11,1
2,19Te48h1Tu,1,3,5,Up,42,0
2,19Te48h1Tu,1,4,1,Down,3,0
2,19Te48h1Tu,1,4,2,Down,1,0
2,19Te48h1Tu,1,4,3,Down,2,0
2,19Te48h1Tu,1,4,4,Down,1,0
2,19Te48h1Tu,1,4,5,Down,38,0
2,19Te48h1Tu,1,4,1,Up,13,0
2,19Te48h1Tu,1,4,2,Up,0,0
2,19Te48h1Tu,1,4,3,Up,1,0
2,19Te48h1Tu,1,4,4,Up,0,0
2,19Te48h1Tu,1,4,5,Up,49,1
2,19Te48h1Tu,1,5,1,Down,2,0
2,19Te48h1Tu,1,5,2,Down,4,0
2,19Te48h1Tu,1,5,3,Down,5,0
2,19Te48h1Tu,1,5,4,Down,3,0
2,19Te48h1Tu,1,5,5,Down,1,0
2,19Te48h1Tu,1,5,1,Up,10,3
2,19Te48h1Tu,1,5,2,Up,4,0
2,19Te48h1Tu,1,5,3,Up,14,0
2,19Te48h1Tu,1,5,4,Up,9,0
2,19Te48h1Tu,1,5,5,Up,1,0
3,19Te48h1Tu,1,2,1,Down,34,0
3,19Te48h1Tu,1,2,2,Down,46,0
3,19Te48h1Tu,1,2,3,Down,19,0
3,19Te48h1Tu,1,2,1,Up,28,0
3,19Te48h1Tu,1,2,2,Up,44,0
3,19Te48h1Tu,1,2,3,Up,13,0
3,19Te48h1Tu,1,3,1,Down,2,0
3,19Te48h1Tu,1,3,2,Down,6,0
3,19Te48h1Tu,1,3,3,Down,1,0
3,19Te48h1Tu,1,3,4,Down,14,0
3,19Te48h1Tu,1,3,5,Down,2,0
3,19Te48h1Tu,1,3,1,Up,5,0
3,19Te48h1Tu,1,3,2,Up,40,40
3,19Te48h1Tu,1,3,3,Up,1,0
3,19Te48h1Tu,1,3,4,Up,13,0
3,19Te48h1Tu,1,3,5,Up,5,0
3,19Te48h1Tu,1,4,1,Down,13,0
3,19Te48h1Tu,1,4,2,Down,13,0
3,19Te48h1Tu,1,4,3,Down,8,0
3,19Te48h1Tu,1,4,4,Down,33,0
3,19Te48h1Tu,1,4,5,Down,17,0
3,19Te48h1Tu,1,4,1,Up,23,3
3,19Te48h1Tu,1,4,2,Up,11,1
3,19Te48h1Tu,1,4,3,Up,8,4
3,19Te48h1Tu,1,4,4,Up,26,0
3,19Te48h1Tu,1,4,5,Up,20,0
3,19Te48h1Tu,1,5,1,Down,4,1
3,19Te48h1Tu,1,5,2,Down,8,0
3,19Te48h1Tu,1,5,3,Down,8,0
3,19Te48h1Tu,1,5,4,Down,5,0
3,19Te48h1Tu,1,5,5,Down,0,0
3,19Te48h1Tu,1,5,1,Up,24,0
3,19Te48h1Tu,1,5,2,Up,6,0
3,19Te48h1Tu,1,5,3,Up,15,0
3,19Te48h1Tu,1,5,4,Up,15,1
3,19Te48h1Tu,1,5,5,Up,0,0
4,19Te48h1Tu,1,2,1,Down,2,0
4,19Te48h1Tu,1,2,2,Down,3,0
4,19Te48h1Tu,1,2,3,Down,2,0
4,19Te48h1Tu,1,2,1,Up,3,0
4,19Te48h1Tu,1,2,2,Up,14,0
4,19Te48h1Tu,1,2,3,Up,2,1
4,19Te48h1Tu,1,3,1,Down,11,0
4,19Te48h1Tu,1,3,2,Down,9,0
4,19Te48h1Tu,1,3,3,Down,8,0
4,19Te48h1Tu,1,3,4,Down,1,1
4,19Te48h1Tu,1,3,5,Down,0,0
4,19Te48h1Tu,1,3,1,Up,4,0
4,19Te48h1Tu,1,3,2,Up,10,0
4,19Te48h1Tu,1,3,3,Up,5,0
4,19Te48h1Tu,1,3,4,Up,0,0
4,19Te48h1Tu,1,3,5,Up,2,0
4,19Te48h1Tu,1,4,1,Down,1,2
4,19Te48h1Tu,1,4,2,Down,13,0
4,19Te48h1Tu,1,4,3,Down,40,0
4,19Te48h1Tu,1,4,4,Down,13,0
4,19Te48h1Tu,1,4,5,Down,0,0
4,19Te48h1Tu,1,4,1,Up,10,1
4,19Te48h1Tu,1,4,2,Up,20,1
4,19Te48h1Tu,1,4,3,Up,66,0
4,19Te48h1Tu,1,4,4,Up,33,0
4,19Te48h1Tu,1,4,5,Up,1,0
4,19Te48h1Tu,1,5,1,Down,0,0
4,19Te48h1Tu,1,5,2,Down,1,0
4,19Te48h1Tu,1,5,3,Down,24,0
4,19Te48h1Tu,1,5,4,Down,1,0
4,19Te48h1Tu,1,5,5,Down,0,0
4,19Te48h1Tu,1,5,1,Up,1,1
4,19Te48h1Tu,1,5,2,Up,0,0
4,19Te48h1Tu,1,5,3,Up,29,0
4,19Te48h1Tu,1,5,4,Up,2,0
4,19Te48h1Tu,1,5,5,Up,0,0
5,19Te48h1Tu,1,2,1,Down,0,0
5,19Te48h1Tu,1,2,2,Down,1,0
5,19Te48h1Tu,1,2,3,Down,9,0
5,19Te48h1Tu,1,2,1,Up,0,0
5,19Te48h1Tu,1,2,2,Up,4,1
5,19Te48h1Tu,1,2,3,Up,39,0
5,19Te48h1Tu,1,3,1,Down,1,0
5,19Te48h1Tu,1,3,2,Down,11,0
5,19Te48h1Tu,1,3,3,Down,2,0
5,19Te48h1Tu,1,3,4,Down,22,1
5,19Te48h1Tu,1,3,5,Down,4,0
5,19Te48h1Tu,1,3,1,Up,11,0
5,19Te48h1Tu,1,3,2,Up,24,0
5,19Te48h1Tu,1,3,3,Up,9,1
5,19Te48h1Tu,1,3,4,Up,31,3
5,19Te48h1Tu,1,3,5,Up,18,9
5,19Te48h1Tu,1,4,1,Down,1,0
5,19Te48h1Tu,1,4,2,Down,5,0
5,19Te48h1Tu,1,4,3,Down,11,0
5,19Te48h1Tu,1,4,4,Down,0,0
5,19Te48h1Tu,1,4,5,Down,2,2
5,19Te48h1Tu,1,4,1,Up,2,1
5,19Te48h1Tu,1,4,2,Up,2,0
5,19Te48h1Tu,1,4,3,Up,28,28
5,19Te48h1Tu,1,4,4,Up,1,0
5,19Te48h1Tu,1,4,5,Up,10,1
5,19Te48h1Tu,1,5,1,Down,1,1
5,19Te48h1Tu,1,5,2,Down,4,0
5,19Te48h1Tu,1,5,3,Down,1,0
5,19Te48h1Tu,1,5,4,Down,1,0
5,19Te48h1Tu,1,5,5,Down,0,0
5,19Te48h1Tu,1,5,1,Up,5,1
5,19Te48h1Tu,1,5,2,Up,9,0
5,19Te48h1Tu,1,5,3,Up,0,0
5,19Te48h1Tu,1,5,4,Up,2,0
5,19Te48h1Tu,1,5,5,Up,0,1
6,19Te48h1Tu,2,2,1,Down,10,0
6,19Te48h1Tu,2,2,2,Down,0,0
6,19Te48h1Tu,2,2,3,Down,3,0
6,19Te48h1Tu,2,2,1,Up,5,0
6,19Te48h1Tu,2,2,2,Up,0,0
6,19Te48h1Tu,2,2,3,Up,1,0
6,19Te48h1Tu,2,3,1,Down,6,2
6,19Te48h1Tu,2,3,2,Down,39,0
6,19Te48h1Tu,2,3,3,Down,26,0
6,19Te48h1Tu,2,3,4,Down,21,0
6,19Te48h1Tu,2,3,5,Down,3,0
6,19Te48h1Tu,2,3,1,Up,29,0
6,19Te48h1Tu,2,3,2,Up,46,0
6,19Te48h1Tu,2,3,3,Up,93,0
6,19Te48h1Tu,2,3,4,Up,51,0
6,19Te48h1Tu,2,3,5,Up,10,0
6,19Te48h1Tu,2,4,1,Down,3,0
6,19Te48h1Tu,2,4,2,Down,0,0
6,19Te48h1Tu,2,4,3,Down,26,0
6,19Te48h1Tu,2,4,4,Down,23,0
6,19Te48h1Tu,2,4,5,Down,13,0
6,19Te48h1Tu,2,4,1,Up,51,0
6,19Te48h1Tu,2,4,2,Up,4,0
6,19Te48h1Tu,2,4,3,Up,68,0
6,19Te48h1Tu,2,4,4,Up,6,0
6,19Te48h1Tu,2,4,5,Up,26,0
6,19Te48h1Tu,2,5,1,Down,22,0
6,19Te48h1Tu,2,5,2,Down,7,0
6,19Te48h1Tu,2,5,3,Down,7,0
6,19Te48h1Tu,2,5,4,Down,4,0
6,19Te48h1Tu,2,5,5,Down,23,0
6,19Te48h1Tu,2,5,1,Up,44,0
6,19Te48h1Tu,2,5,2,Up,28,0
6,19Te48h1Tu,2,5,3,Up,5,0
6,19Te48h1Tu,2,5,4,Up,15,0
6,19Te48h1Tu,2,5,5,Up,40,0
7,19Te48h1Tu,2,2,1,Down,19,0
7,19Te48h1Tu,2,2,2,Down,109,0
7,19Te48h1Tu,2,2,3,Down,28,0
7,19Te48h1Tu,2,2,1,Up,24,0
7,19Te48h1Tu,2,2,2,Up,80,0
7,19Te48h1Tu,2,2,3,Up,24,0
7,19Te48h1Tu,2,3,1,Down,12,0
7,19Te48h1Tu,2,3,2,Down,18,0
7,19Te48h1Tu,2,3,3,Down,20,0
7,19Te48h1Tu,2,3,4,Down,18,0
7,19Te48h1Tu,2,3,5,Down,19,0
7,19Te48h1Tu,2,3,1,Up,2,0
7,19Te48h1Tu,2,3,2,Up,10,0
7,19Te48h1Tu,2,3,3,Up,17,0
7,19Te48h1Tu,2,3,4,Up,26,0
7,19Te48h1Tu,2,3,5,Up,23,0
7,19Te48h1Tu,2,4,1,Down,8,0
7,19Te48h1Tu,2,4,2,Down,36,0
7,19Te48h1Tu,2,4,3,Down,57,1
7,19Te48h1Tu,2,4,4,Down,26,0
7,19Te48h1Tu,2,4,5,Down,9,1
7,19Te48h1Tu,2,4,1,Up,10,0
7,19Te48h1Tu,2,4,2,Up,76,0
7,19Te48h1Tu,2,4,3,Up,53,0
7,19Te48h1Tu,2,4,4,Up,11,0
7,19Te48h1Tu,2,4,5,Up,10,0
7,19Te48h1Tu,2,5,1,Down,22,0
7,19Te48h1Tu,2,5,2,Down,2,0
7,19Te48h1Tu,2,5,3,Down,2,0
7,19Te48h1Tu,2,5,4,Down,0,0
7,19Te48h1Tu,2,5,5,Down,30,0
7,19Te48h1Tu,2,5,1,Up,49,0
7,19Te48h1Tu,2,5,2,Up,5,0
7,19Te48h1Tu,2,5,3,Up,4,0
7,19Te48h1Tu,2,5,4,Up,0,0
7,19Te48h1Tu,2,5,5,Up,15,0
8,19Te48h1Tu,2,2,1,Down,1,0
8,19Te48h1Tu,2,2,2,Down,23,0
8,19Te48h1Tu,2,2,3,Down,2,0
8,19Te48h1Tu,2,2,1,Up,12,0
8,19Te48h1Tu,2,2,2,Up,18,0
8,19Te48h1Tu,2,2,3,Up,4,0
8,19Te48h1Tu,2,3,1,Down,1,0
8,19Te48h1Tu,2,3,2,Down,1,4
8,19Te48h1Tu,2,3,3,Down,0,1
8,19Te48h1Tu,2,3,4,Down,2,0
8,19Te48h1Tu,2,3,5,Down,6,1
8,19Te48h1Tu,2,3,1,Up,4,0
8,19Te48h1Tu,2,3,2,Up,9,2
8,19Te48h1Tu,2,3,3,Up,3,4
8,19Te48h1Tu,2,3,4,Up,2,0
8,19Te48h1Tu,2,3,5,Up,7,0
8,19Te48h1Tu,2,4,1,Down,2,0
8,19Te48h1Tu,2,4,2,Down,0,0
8,19Te48h1Tu,2,4,3,Down,0,0
8,19Te48h1Tu,2,4,4,Down,6,0
8,19Te48h1Tu,2,4,5,Down,0,0
8,19Te48h1Tu,2,4,1,Up,18,1
8,19Te48h1Tu,2,4,2,Up,16,0
8,19Te48h1Tu,2,4,3,Up,0,0
8,19Te48h1Tu,2,4,4,Up,16,0
8,19Te48h1Tu,2,4,5,Up,4,0
8,19Te48h1Tu,2,5,1,Down,0,0
8,19Te48h1Tu,2,5,2,Down,1,2
8,19Te48h1Tu,2,5,3,Down,4,0
8,19Te48h1Tu,2,5,4,Down,1,0
8,19Te48h1Tu,2,5,5,Down,53,0
8,19Te48h1Tu,2,5,1,Up,2,3
8,19Te48h1Tu,2,5,2,Up,6,13
8,19Te48h1Tu,2,5,3,Up,16,9
8,19Te48h1Tu,2,5,4,Up,2,1
8,19Te48h1Tu,2,5,5,Up,125,2
9,19Te48h1Tu,2,2,1,Down,3,0
9,19Te48h1Tu,2,2,2,Down,49,0
9,19Te48h1Tu,2,2,3,Down,105,0
9,19Te48h1Tu,2,2,1,Up,6,0
9,19Te48h1Tu,2,2,2,Up,23,0
9,19Te48h1Tu,2,2,3,Up,124,0
9,19Te48h1Tu,2,3,1,Down,57,0
9,19Te48h1Tu,2,3,2,Down,52,0
9,19Te48h1Tu,2,3,3,Down,17,0
9,19Te48h1Tu,2,3,4,Down,13,0
9,19Te48h1Tu,2,3,5,Down,12,0
9,19Te48h1Tu,2,3,1,Up,86,0
9,19Te48h1Tu,2,3,2,Up,97,0
9,19Te48h1Tu,2,3,3,Up,11,0
9,19Te48h1Tu,2,3,4,Up,20,0
9,19Te48h1Tu,2,3,5,Up,17,0
9,19Te48h1Tu,2,4,1,Down,13,0
9,19Te48h1Tu,2,4,2,Down,30,0
9,19Te48h1Tu,2,4,3,Down,42,0
9,19Te48h1Tu,2,4,4,Down,13,0
9,19Te48h1Tu,2,4,5,Down,16,0
9,19Te48h1Tu,2,4,1,Up,81,2
9,19Te48h1Tu,2,4,2,Up,114,0
9,19Te48h1Tu,2,4,3,Up,136,0
9,19Te48h1Tu,2,4,4,Up,137,0
9,19Te48h1Tu,2,4,5,Up,47,0
9,19Te48h1Tu,2,5,1,Down,8,0
9,19Te48h1Tu,2,5,2,Down,0,0
9,19Te48h1Tu,2,5,3,Down,0,0
9,19Te48h1Tu,2,5,4,Down,7,0
9,19Te48h1Tu,2,5,5,Down,27,0
9,19Te48h1Tu,2,5,1,Up,6,0
9,19Te48h1Tu,2,5,2,Up,0,0
9,19Te48h1Tu,2,5,3,Up,1,0
9,19Te48h1Tu,2,5,4,Up,3,0
9,19Te48h1Tu,2,5,5,Up,43,0
10,19Te48h1Tu,2,2,1,Down,0,0
10,19Te48h1Tu,2,2,2,Down,4,0
10,19Te48h1Tu,2,2,3,Down,2,0
10,19Te48h1Tu,2,2,1,Up,0,0
10,19Te48h1Tu,2,2,2,Up,3,0
10,19Te48h1Tu,2,2,3,Up,1,0
10,19Te48h1Tu,2,3,1,Down,30,0
10,19Te48h1Tu,2,3,2,Down,24,0
10,19Te48h1Tu,2,3,3,Down,47,0
10,19Te48h1Tu,2,3,4,Down,19,0
10,19Te48h1Tu,2,3,5,Down,6,0
10,19Te48h1Tu,2,3,1,Up,49,0
10,19Te48h1Tu,2,3,2,Up,40,0
10,19Te48h1Tu,2,3,3,Up,57,0
10,19Te48h1Tu,2,3,4,Up,37,0
10,19Te48h1Tu,2,3,5,Up,2,0
10,19Te48h1Tu,2,4,1,Down,27,0
10,19Te48h1Tu,2,4,2,Down,23,0
10,19Te48h1Tu,2,4,3,Down,10,0
10,19Te48h1Tu,2,4,4,Down,11,0
10,19Te48h1Tu,2,4,5,Down,35,0
10,19Te48h1Tu,2,4,1,Up,64,0
10,19Te48h1Tu,2,4,2,Up,19,0
10,19Te48h1Tu,2,4,3,Up,53,0
10,19Te48h1Tu,2,4,4,Up,7,0
10,19Te48h1Tu,2,4,5,Up,119,0
10,19Te48h1Tu,2,5,1,Down,49,0
10,19Te48h1Tu,2,5,2,Down,2,0
10,19Te48h1Tu,2,5,3,Down,4,0
10,19Te48h1Tu,2,5,4,Down,0,0
10,19Te48h1Tu,2,5,5,Down,16,0
10,19Te48h1Tu,2,5,1,Up,7,0
10,19Te48h1Tu,2,5,2,Up,7,0
10,19Te48h1Tu,2,5,3,Up,5,0
10,19Te48h1Tu,2,5,4,Up,33,0
10,19Te48h1Tu,2,5,5,Up,31,0
1,1Te19Tu,1,2,1,Down,1,3
1,1Te19Tu,1,2,2,Down,0,10
1,1Te19Tu,1,2,3,Down,0,5
1,1Te19Tu,1,2,1,Up,0,6
1,1Te19Tu,1,2,2,Up,0,10
1,1Te19Tu,1,2,3,Up,0,3
1,1Te19Tu,1,3,1,Down,0,2
1,1Te19Tu,1,3,2,Down,1,7
1,1Te19Tu,1,3,3,Down,0,1
1,1Te19Tu,1,3,4,Down,1,3
1,1Te19Tu,1,3,5,Down,3,4
1,1Te19Tu,1,3,1,Up,0,7
1,1Te19Tu,1,3,2,Up,2,2
1,1Te19Tu,1,3,3,Up,1,1
1,1Te19Tu,1,3,4,Up,0,4
1,1Te19Tu,1,3,5,Up,8,6
1,1Te19Tu,1,4,1,Down,0,5
1,1Te19Tu,1,4,2,Down,0,4
1,1Te19Tu,1,4,3,Down,2,2
1,1Te19Tu,1,4,4,Down,16,2
1,1Te19Tu,1,4,5,Down,0,0
1,1Te19Tu,1,4,1,Up,2,10
1,1Te19Tu,1,4,2,Up,0,15
1,1Te19Tu,1,4,3,Up,5,6
1,1Te19Tu,1,4,4,Up,2,1
1,1Te19Tu,1,4,5,Up,13,10
1,1Te19Tu,1,5,1,Down,5,4
1,1Te19Tu,1,5,2,Down,3,1
1,1Te19Tu,1,5,3,Down,1,3
1,1Te19Tu,1,5,4,Down,4,2
1,1Te19Tu,1,5,5,Down,2,0
1,1Te19Tu,1,5,1,Up,6,2
1,1Te19Tu,1,5,2,Up,4,3
1,1Te19Tu,1,5,3,Up,1,4
1,1Te19Tu,1,5,4,Up,7,6
1,1Te19Tu,1,5,5,Up,0,0
2,1Te19Tu,1,2,1,Down,3,0
2,1Te19Tu,1,2,2,Down,2,0
2,1Te19Tu,1,2,3,Down,1,3
2,1Te19Tu,1,2,1,Up,1,1
2,1Te19Tu,1,2,2,Up,3,2
2,1Te19Tu,1,2,3,Up,1,2
2,1Te19Tu,1,3,1,Down,1,1
2,1Te19Tu,1,3,2,Down,0,2
2,1Te19Tu,1,3,3,Down,1,3
2,1Te19Tu,1,3,4,Down,4,3
2,1Te19Tu,1,3,5,Down,0,0
2,1Te19Tu,1,3,1,Up,0,3
2,1Te19Tu,1,3,2,Up,1,0
2,1Te19Tu,1,3,3,Up,3,12
2,1Te19Tu,1,3,4,Up,6,4
2,1Te19Tu,1,3,5,Up,0,0
2,1Te19Tu,1,4,1,Down,4,11
2,1Te19Tu,1,4,2,Down,0,0
2,1Te19Tu,1,4,3,Down,0,0
2,1Te19Tu,1,4,4,Down,0,0
2,1Te19Tu,1,4,5,Down,2,4
2,1Te19Tu,1,4,1,Up,6,13
2,1Te19Tu,1,4,2,Up,0,1
2,1Te19Tu,1,4,3,Up,0,0
2,1Te19Tu,1,4,4,Up,0,1
2,1Te19Tu,1,4,5,Up,5,7
2,1Te19Tu,1,5,1,Down,1,1
2,1Te19Tu,1,5,2,Down,1,3
2,1Te19Tu,1,5,3,Down,0,4
2,1Te19Tu,1,5,4,Down,1,2
2,1Te19Tu,1,5,5,Down,0,0
2,1Te19Tu,1,5,1,Up,2,6
2,1Te19Tu,1,5,2,Up,1,7
2,1Te19Tu,1,5,3,Up,3,4
2,1Te19Tu,1,5,4,Up,0,7
2,1Te19Tu,1,5,5,Up,2,4
3,1Te19Tu,1,2,1,Down,0,4
3,1Te19Tu,1,2,2,Down,0,3
3,1Te19Tu,1,2,3,Down,0,0
3,1Te19Tu,1,2,1,Up,0,5
3,1Te19Tu,1,2,2,Up,0,4
3,1Te19Tu,1,2,3,Up,0,1
3,1Te19Tu,1,3,1,Down,7,1
3,1Te19Tu,1,3,2,Down,0,0
3,1Te19Tu,1,3,3,Down,0,1
3,1Te19Tu,1,3,4,Down,0,0
3,1Te19Tu,1,3,1,Up,1,1
3,1Te19Tu,1,3,2,Up,0,0
3,1Te19Tu,1,3,3,Up,0,1
3,1Te19Tu,1,3,4,Up,1,3
3,1Te19Tu,1,4,1,Down,0,0
3,1Te19Tu,1,4,2,Down,0,0
3,1Te19Tu,1,4,3,Down,0,0
3,1Te19Tu,1,4,4,Down,0,0
3,1Te19Tu,1,4,1,Up,0,1
3,1Te19Tu,1,4,2,Up,0,0
3,1Te19Tu,1,4,3,Up,0,0
3,1Te19Tu,1,4,4,Up,0,0
3,1Te19Tu,1,5,1,Down,0,1
3,1Te19Tu,1,5,2,Down,0,0
3,1Te19Tu,1,5,3,Down,0,0
3,1Te19Tu,1,5,4,Down,0,0
3,1Te19Tu,1,5,5,Down,1,0
3,1Te19Tu,1,5,1,Up,0,19
3,1Te19Tu,1,5,2,Up,1,2
3,1Te19Tu,1,5,3,Up,0,0
3,1Te19Tu,1,5,4,Up,0,1
3,1Te19Tu,1,5,5,Up,1,0
4,1Te19Tu,1,2,1,Down,0,0
4,1Te19Tu,1,2,2,Down,0,3
4,1Te19Tu,1,2,3,Down,0,0
4,1Te19Tu,1,2,1,Up,0,1
4,1Te19Tu,1,2,2,Up,0,7
4,1Te19Tu,1,2,3,Up,0,4
4,1Te19Tu,1,3,1,Down,1,0
4,1Te19Tu,1,3,2,Down,0,0
4,1Te19Tu,1,3,3,Down,0,0
4,1Te19Tu,1,3,4,Down,0,0
4,1Te19Tu,1,3,5,Down,0,0
4,1Te19Tu,1,3,1,Up,0,0
4,1Te19Tu,1,3,2,Up,0,0
4,1Te19Tu,1,3,3,Up,0,0
4,1Te19Tu,1,3,4,Up,0,1
4,1Te19Tu,1,3,5,Up,0,2
4,1Te19Tu,1,4,1,Down,0,0
4,1Te19Tu,1,4,2,Down,1,1
4,1Te19Tu,1,4,3,Down,8,0
4,1Te19Tu,1,4,4,Down,0,0
4,1Te19Tu,1,4,5,Down,0,0
4,1Te19Tu,1,4,1,Up,0,4
4,1Te19Tu,1,4,2,Up,1,7
4,1Te19Tu,1,4,3,Up,2,0
4,1Te19Tu,1,4,4,Up,1,0
4,1Te19Tu,1,4,5,Up,0,0
4,1Te19Tu,1,5,1,Down,0,3
4,1Te19Tu,1,5,2,Down,0,0
4,1Te19Tu,1,5,3,Down,0,0
4,1Te19Tu,1,5,4,Down,2,0
4,1Te19Tu,1,5,5,Down,1,0
4,1Te19Tu,1,5,1,Up,0,0
4,1Te19Tu,1,5,2,Up,1,1
4,1Te19Tu,1,5,3,Up,0,0
4,1Te19Tu,1,5,4,Up,0,0
4,1Te19Tu,1,5,5,Up,0,0
5,1Te19Tu,1,2,1,Down,0,6
5,1Te19Tu,1,2,2,Down,3,4
5,1Te19Tu,1,2,3,Down,0,5
5,1Te19Tu,1,2,1,Up,3,1
5,1Te19Tu,1,2,2,Up,2,2
5,1Te19Tu,1,2,3,Up,2,2
5,1Te19Tu,1,3,1,Down,0,9
5,1Te19Tu,1,3,2,Down,0,0
5,1Te19Tu,1,3,3,Down,0,0
5,1Te19Tu,1,3,4,Down,0,1
5,1Te19Tu,1,3,5,Down,0,0
5,1Te19Tu,1,3,1,Up,1,8
5,1Te19Tu,1,3,2,Up,0,0
5,1Te19Tu,1,3,3,Up,0,0
5,1Te19Tu,1,3,4,Up,3,5
5,1Te19Tu,1,3,5,Up,0,1
5,1Te19Tu,1,4,1,Down,0,2
5,1Te19Tu,1,4,2,Down,0,6
5,1Te19Tu,1,4,3,Down,0,0
5,1Te19Tu,1,4,4,Down,0,1
5,1Te19Tu,1,4,5,Down,0,4
5,1Te19Tu,1,4,1,Up,3,18
5,1Te19Tu,1,4,2,Up,4,0
5,1Te19Tu,1,4,3,Up,2,0
5,1Te19Tu,1,4,4,Up,0,8
5,1Te19Tu,1,4,5,Up,7,17
5,1Te19Tu,1,5,1,Down,0,1
5,1Te19Tu,1,5,2,Down,0,0
5,1Te19Tu,1,5,3,Down,0,0
5,1Te19Tu,1,5,4,Down,0,0
5,1Te19Tu,1,5,5,Down,0,0
5,1Te19Tu,1,5,1,Up,0,1
5,1Te19Tu,1,5,2,Up,1,1
5,1Te19Tu,1,5,3,Up,0,1
5,1Te19Tu,1,5,4,Up,1,0
5,1Te19Tu,1,5,5,Up,0,0
6,1Te19Tu,2,2,1,Down,1,4
6,1Te19Tu,2,2,2,Down,0,1
6,1Te19Tu,2,2,3,Down,0,3
6,1Te19Tu,2,2,1,Up,0,1
6,1Te19Tu,2,2,2,Up,0,2
6,1Te19Tu,2,2,3,Up,1,2
6,1Te19Tu,2,3,1,Down,1,2
6,1Te19Tu,2,3,2,Down,0,2
6,1Te19Tu,2,3,3,Down,3,1
6,1Te19Tu,2,3,4,Down,0,5
6,1Te19Tu,2,3,1,Up,0,5
6,1Te19Tu,2,3,2,Up,0,2
6,1Te19Tu,2,3,3,Up,0,1
6,1Te19Tu,2,3,4,Up,0,9
6,1Te19Tu,2,4,1,Down,0,5
6,1Te19Tu,2,4,2,Down,1,1
6,1Te19Tu,2,4,3,Down,0,0
6,1Te19Tu,2,4,4,Down,0,0
6,1Te19Tu,2,4,5,Down,0,2
6,1Te19Tu,2,4,1,Up,0,4
6,1Te19Tu,2,4,2,Up,2,6
6,1Te19Tu,2,4,3,Up,0,0
6,1Te19Tu,2,4,4,Up,0,1
6,1Te19Tu,2,4,5,Up,1,2
6,1Te19Tu,2,5,1,Down,0,0
6,1Te19Tu,2,5,2,Down,0,1
6,1Te19Tu,2,5,3,Down,0,12
6,1Te19Tu,2,5,4,Down,0,2
6,1Te19Tu,2,5,5,Down,0,0
6,1Te19Tu,2,5,1,Up,0,2
6,1Te19Tu,2,5,2,Up,0,4
6,1Te19Tu,2,5,3,Up,0,14
6,1Te19Tu,2,5,4,Up,0,16
6,1Te19Tu,2,5,5,Up,0,8
7,1Te19Tu,2,2,1,Down,0,3
7,1Te19Tu,2,2,2,Down,0,6
7,1Te19Tu,2,2,3,Down,0,2
7,1Te19Tu,2,2,1,Up,0,2
7,1Te19Tu,2,2,2,Up,0,17
7,1Te19Tu,2,2,3,Up,0,2
7,1Te19Tu,2,3,1,Down,0,0
7,1Te19Tu,2,3,2,Down,1,1
7,1Te19Tu,2,3,3,Down,0,0
7,1Te19Tu,2,3,4,Down,0,0
7,1Te19Tu,2,3,5,Down,0,2
7,1Te19Tu,2,3,1,Up,0,3
7,1Te19Tu,2,3,2,Up,0,8
7,1Te19Tu,2,3,3,Up,0,0
7,1Te19Tu,2,3,4,Up,0,0
7,1Te19Tu,2,3,5,Up,0,3
7,1Te19Tu,2,4,1,Down,0,9
7,1Te19Tu,2,4,2,Down,4,7
7,1Te19Tu,2,4,3,Down,0,1
7,1Te19Tu,2,4,4,Down,0,2
7,1Te19Tu,2,4,5,Down,1,1
7,1Te19Tu,2,4,1,Up,0,13
7,1Te19Tu,2,4,2,Up,2,11
7,1Te19Tu,2,4,3,Up,0,5
7,1Te19Tu,2,4,4,Up,0,4
7,1Te19Tu,2,4,5,Up,0,7
7,1Te19Tu,2,5,1,Down,0,1
7,1Te19Tu,2,5,2,Down,1,1
7,1Te19Tu,2,5,3,Down,0,1
7,1Te19Tu,2,5,4,Down,0,2
7,1Te19Tu,2,5,5,Down,0,2
7,1Te19Tu,2,5,1,Up,0,5
7,1Te19Tu,2,5,2,Up,0,3
7,1Te19Tu,2,5,3,Up,0,0
7,1Te19Tu,2,5,4,Up,1,1
7,1Te19Tu,2,5,5,Up,0,1
8,1Te19Tu,2,2,1,Down,0,0
8,1Te19Tu,2,2,2,Down,0,4
8,1Te19Tu,2,2,3,Down,0,0
8,1Te19Tu,2,2,1,Up,0,0
8,1Te19Tu,2,2,2,Up,0,4
8,1Te19Tu,2,2,3,Up,0,0
8,1Te19Tu,2,3,1,Down,0,0
8,1Te19Tu,2,3,2,Down,0,4
8,1Te19Tu,2,3,3,Down,0,2
8,1Te19Tu,2,3,4,Down,0,3
8,1Te19Tu,2,3,5,Down,0,1
8,1Te19Tu,2,3,1,Up,0,3
8,1Te19Tu,2,3,2,Up,0,9
8,1Te19Tu,2,3,3,Up,0,4
8,1Te19Tu,2,3,4,Up,0,9
8,1Te19Tu,2,3,5,Up,0,0
8,1Te19Tu,2,4,1,Down,0,2
8,1Te19Tu,2,4,2,Down,0,7
8,1Te19Tu,2,4,3,Down,0,0
8,1Te19Tu,2,4,4,Down,2,1
8,1Te19Tu,2,4,5,Down,0,0
8,1Te19Tu,2,4,1,Up,0,3
8,1Te19Tu,2,4,2,Up,0,2
8,1Te19Tu,2,4,3,Up,0,1
8,1Te19Tu,2,4,4,Up,1,14
8,1Te19Tu,2,4,5,Up,0,0
8,1Te19Tu,2,5,1,Down,0,0
8,1Te19Tu,2,5,2,Down,0,0
8,1Te19Tu,2,5,3,Down,1,2
8,1Te19Tu,2,5,4,Down,0,0
8,1Te19Tu,2,5,5,Down,0,0
8,1Te19Tu,2,5,1,Up,0,0
8,1Te19Tu,2,5,2,Up,0,4
8,1Te19Tu,2,5,3,Up,2,12
8,1Te19Tu,2,5,4,Up,0,0
8,1Te19Tu,2,5,5,Up,0,1
9,1Te19Tu,2,2,1,Down,0,10
9,1Te19Tu,2,2,2,Down,0,8
9,1Te19Tu,2,2,3,Down,0,9
9,1Te19Tu,2,2,1,Up,0,7
9,1Te19Tu,2,2,2,Up,0,7
9,1Te19Tu,2,2,3,Up,1,16
9,1Te19Tu,2,3,1,Down,0,1
9,1Te19Tu,2,3,2,Down,0,2
9,1Te19Tu,2,3,3,Down,0,1
9,1Te19Tu,2,3,4,Down,0,3
9,1Te19Tu,2,3,5,Down,1,1
9,1Te19Tu,2,3,1,Up,7,3
9,1Te19Tu,2,3,2,Up,1,3
9,1Te19Tu,2,3,3,Up,1,2
9,1Te19Tu,2,3,4,Up,1,1
9,1Te19Tu,2,3,5,Up,0,8
9,1Te19Tu,2,4,1,Down,9,2
9,1Te19Tu,2,4,2,Down,1,2
9,1Te19Tu,2,4,3,Down,2,1
9,1Te19Tu,2,4,4,Down,6,3
9,1Te19Tu,2,4,5,Down,0,0
9,1Te19Tu,2,4,1,Up,1,10
9,1Te19Tu,2,4,2,Up,5,1
9,1Te19Tu,2,4,3,Up,0,0
9,1Te19Tu,2,4,4,Up,8,0
9,1Te19Tu,2,4,5,Up,34,12
9,1Te19Tu,2,5,1,Down,0,0
9,1Te19Tu,2,5,2,Down,0,0
9,1Te19Tu,2,5,3,Down,0,0
9,1Te19Tu,2,5,4,Down,0,0
9,1Te19Tu,2,5,5,Down,0,0
9,1Te19Tu,2,5,1,Up,0,0
9,1Te19Tu,2,5,2,Up,0,0
9,1Te19Tu,2,5,3,Up,0,0
9,1Te19Tu,2,5,4,Up,0,0
9,1Te19Tu,2,5,5,Up,0,1
10,1Te19Tu,2,2,1,Down,0,3
10,1Te19Tu,2,2,2,Down,1,3
10,1Te19Tu,2,2,3,Down,2,1
10,1Te19Tu,2,2,1,Up,5,0
10,1Te19Tu,2,2,2,Up,3,5
10,1Te19Tu,2,2,3,Up,4,2
10,1Te19Tu,2,3,1,Down,0,4
10,1Te19Tu,2,3,2,Down,0,5
10,1Te19Tu,2,3,3,Down,0,6
10,1Te19Tu,2,3,4,Down,0,0
10,1Te19Tu,2,3,5,Down,0,7
10,1Te19Tu,2,3,1,Up,3,11
10,1Te19Tu,2,3,2,Up,1,6
10,1Te19Tu,2,3,3,Up,2,1
10,1Te19Tu,2,3,4,Up,0,0
10,1Te19Tu,2,3,5,Up,3,9
10,1Te19Tu,2,4,1,Down,0,1
10,1Te19Tu,2,4,2,Down,4,1
10,1Te19Tu,2,4,3,Down,3,0
10,1Te19Tu,2,4,4,Down,0,0
10,1Te19Tu,2,4,5,Down,0,0
10,1Te19Tu,2,4,1,Up,1,6
10,1Te19Tu,2,4,2,Up,14,7
10,1Te19Tu,2,4,3,Up,3,2
10,1Te19Tu,2,4,4,Up,0,1
10,1Te19Tu,2,4,5,Up,2,8
10,1Te19Tu,2,5,1,Down,0,1
10,1Te19Tu,2,5,2,Down,0,1
10,1Te19Tu,2,5,3,Down,3,7
10,1Te19Tu,2,5,4,Down,0,2
10,1Te19Tu,2,5,5,Down,0,0
10,1Te19Tu,2,5,1,Up,2,2
10,1Te19Tu,2,5,2,Up,2,0
10,1Te19Tu,2,5,3,Up,7,9
10,1Te19Tu,2,5,4,Up,3,3
10,1Te19Tu,2,5,5,Up,0,4
1,1Te19Tu48h,1,2,1,Down,0,0
1,1Te19Tu48h,1,2,2,Down,11,2
1,1Te19Tu48h,1,2,3,Down,0,0
1,1Te19Tu48h,1,2,1,Up,2,0
1,1Te19Tu48h,1,2,2,Up,6,3
1,1Te19Tu48h,1,2,3,Up,0,2
1,1Te19Tu48h,1,3,1,Down,0,3
1,1Te19Tu48h,1,3,2,Down,0,7
1,1Te19Tu48h,1,3,3,Down,0,0
1,1Te19Tu48h,1,3,4,Down,0,3
1,1Te19Tu48h,1,3,5,Down,1,16
1,1Te19Tu48h,1,3,1,Up,0,14
1,1Te19Tu48h,1,3,2,Up,0,20
1,1Te19Tu48h,1,3,3,Up,0,0
1,1Te19Tu48h,1,3,4,Up,0,27
1,1Te19Tu48h,1,3,5,Up,1,15
1,1Te19Tu48h,1,4,1,Down,1,1
1,1Te19Tu48h,1,4,2,Down,0,0
1,1Te19Tu48h,1,4,3,Down,0,0
1,1Te19Tu48h,1,4,4,Down,0,0
1,1Te19Tu48h,1,4,5,Down,1,3
1,1Te19Tu48h,1,4,1,Up,3,4
1,1Te19Tu48h,1,4,2,Up,0,0
1,1Te19Tu48h,1,4,3,Up,0,0
1,1Te19Tu48h,1,4,4,Up,1,3
1,1Te19Tu48h,1,4,5,Up,0,9
1,1Te19Tu48h,1,5,1,Down,0,3
1,1Te19Tu48h,1,5,2,Down,0,0
1,1Te19Tu48h,1,5,3,Down,0,0
1,1Te19Tu48h,1,5,4,Down,0,4
1,1Te19Tu48h,1,5,5,Down,1,3
1,1Te19Tu48h,1,5,1,Up,4,13
1,1Te19Tu48h,1,5,2,Up,2,7
1,1Te19Tu48h,1,5,3,Up,2,27
1,1Te19Tu48h,1,5,4,Up,0,3
1,1Te19Tu48h,1,5,5,Up,0,24
2,1Te19Tu48h,1,2,1,Down,0,1
2,1Te19Tu48h,1,2,2,Down,0,2
2,1Te19Tu48h,1,2,3,Down,0,8
2,1Te19Tu48h,1,2,1,Up,0,0
2,1Te19Tu48h,1,2,2,Up,0,7
2,1Te19Tu48h,1,2,3,Up,1,8
2,1Te19Tu48h,1,3,1,Down,0,0
2,1Te19Tu48h,1,3,2,Down,1,8
2,1Te19Tu48h,1,3,3,Down,0,10
2,1Te19Tu48h,1,3,4,Down,0,0
2,1Te19Tu48h,1,3,1,Up,0,0
2,1Te19Tu48h,1,3,2,Up,1,7
2,1Te19Tu48h,1,3,3,Up,1,20
2,1Te19Tu48h,1,3,4,Up,2,6
2,1Te19Tu48h,1,4,1,Down,0,8
2,1Te19Tu48h,1,4,2,Down,0,0
2,1Te19Tu48h,1,4,3,Down,0,0
2,1Te19Tu48h,1,4,4,Down,1,22
2,1Te19Tu48h,1,4,5,Down,0,10
2,1Te19Tu48h,1,4,1,Up,0,18
2,1Te19Tu48h,1,4,2,Up,0,0
2,1Te19Tu48h,1,4,3,Up,0,0
2,1Te19Tu48h,1,4,4,Up,2,52
2,1Te19Tu48h,1,4,5,Up,0,28
2,1Te19Tu48h,1,5,1,Down,0,5
2,1Te19Tu48h,1,5,2,Down,0,0
2,1Te19Tu48h,1,5,3,Down,0,0
2,1Te19Tu48h,1,5,4,Down,0,0
2,1Te19Tu48h,1,5,5,Down,0,1
2,1Te19Tu48h,1,5,1,Up,0,5
2,1Te19Tu48h,1,5,2,Up,0,0
2,1Te19Tu48h,1,5,3,Up,0,0
2,1Te19Tu48h,1,5,4,Up,0,1
2,1Te19Tu48h,1,5,5,Up,1,10
3,1Te19Tu48h,1,2,1,Down,0,7
3,1Te19Tu48h,1,2,2,Down,0,1
3,1Te19Tu48h,1,2,3,Down,0,0
3,1Te19Tu48h,1,2,1,Up,1,4
3,1Te19Tu48h,1,2,2,Up,2,5
3,1Te19Tu48h,1,2,3,Up,0,0
3,1Te19Tu48h,1,3,1,Down,0,17
3,1Te19Tu48h,1,3,2,Down,0,0
3,1Te19Tu48h,1,3,3,Down,0,0
3,1Te19Tu48h,1,3,4,Down,1,28
3,1Te19Tu48h,1,3,5,Down,1,3
3,1Te19Tu48h,1,3,1,Up,0,34
3,1Te19Tu48h,1,3,2,Up,0,0
3,1Te19Tu48h,1,3,3,Up,0,0
3,1Te19Tu48h,1,3,4,Up,0,23
3,1Te19Tu48h,1,3,5,Up,1,0
3,1Te19Tu48h,1,4,1,Down,0,8
3,1Te19Tu48h,1,4,2,Down,0,0
3,1Te19Tu48h,1,4,3,Down,0,2
3,1Te19Tu48h,1,4,4,Down,0,0
3,1Te19Tu48h,1,4,5,Down,2,14
3,1Te19Tu48h,1,4,1,Up,0,10
3,1Te19Tu48h,1,4,2,Up,0,4
3,1Te19Tu48h,1,4,3,Up,0,0
3,1Te19Tu48h,1,4,4,Up,0,0
3,1Te19Tu48h,1,4,5,Up,0,39
3,1Te19Tu48h,1,5,1,Down,2,24
3,1Te19Tu48h,1,5,2,Down,0,10
3,1Te19Tu48h,1,5,3,Down,0,2
3,1Te19Tu48h,1,5,4,Down,0,0
3,1Te19Tu48h,1,5,5,Down,2,1
3,1Te19Tu48h,1,5,1,Up,0,98
3,1Te19Tu48h,1,5,2,Up,1,83
3,1Te19Tu48h,1,5,3,Up,0,6
3,1Te19Tu48h,1,5,4,Up,0,31
3,1Te19Tu48h,1,5,5,Up,0,29
4,1Te19Tu48h,1,2,1,Down,0,0
4,1Te19Tu48h,1,2,2,Down,0,1
4,1Te19Tu48h,1,2,3,Down,0,0
4,1Te19Tu48h,1,2,1,Up,0,0
4,1Te19Tu48h,1,2,2,Up,0,0
4,1Te19Tu48h,1,2,3,Up,0,0
4,1Te19Tu48h,1,3,1,Down,0,0
4,1Te19Tu48h,1,3,2,Down,0,0
4,1Te19Tu48h,1,3,3,Down,0,0
4,1Te19Tu48h,1,3,4,Down,0,6
4,1Te19Tu48h,1,3,1,Up,0,1
4,1Te19Tu48h,1,3,2,Up,0,3
4,1Te19Tu48h,1,3,3,Up,0,0
4,1Te19Tu48h,1,3,4,Up,0,7
4,1Te19Tu48h,1,4,1,Down,0,1
4,1Te19Tu48h,1,4,2,Down,0,2
4,1Te19Tu48h,1,4,3,Down,0,40
4,1Te19Tu48h,1,4,4,Down,0,0
4,1Te19Tu48h,1,4,5,Down,0,3
4,1Te19Tu48h,1,4,1,Up,1,0
4,1Te19Tu48h,1,4,2,Up,0,4
4,1Te19Tu48h,1,4,3,Up,0,33
4,1Te19Tu48h,1,4,4,Up,0,0
4,1Te19Tu48h,1,4,5,Up,0,27
4,1Te19Tu48h,1,5,1,Down,0,0
4,1Te19Tu48h,1,5,2,Down,0,0
4,1Te19Tu48h,1,5,3,Down,0,0
4,1Te19Tu48h,1,5,4,Down,0,0
4,1Te19Tu48h,1,5,5,Down,0,2
4,1Te19Tu48h,1,5,1,Up,2,1
4,1Te19Tu48h,1,5,2,Up,0,1
4,1Te19Tu48h,1,5,3,Up,0,0
4,1Te19Tu48h,1,5,4,Up,0,0
4,1Te19Tu48h,1,5,5,Up,0,56
5,1Te19Tu48h,1,2,1,Down,0,0
5,1Te19Tu48h,1,2,2,Down,0,8
5,1Te19Tu48h,1,2,3,Down,0,0
5,1Te19Tu48h,1,2,1,Up,0,0
5,1Te19Tu48h,1,2,2,Up,0,7
5,1Te19Tu48h,1,2,3,Up,0,0
5,1Te19Tu48h,1,3,1,Down,0,37
5,1Te19Tu48h,1,3,2,Down,0,0
5,1Te19Tu48h,1,3,3,Down,0,3
5,1Te19Tu48h,1,3,4,Down,0,6
5,1Te19Tu48h,1,3,5,Down,0,5
5,1Te19Tu48h,1,3,1,Up,0,26
5,1Te19Tu48h,1,3,2,Up,0,4
5,1Te19Tu48h,1,3,3,Up,0,28
5,1Te19Tu48h,1,3,4,Up,0,25
5,1Te19Tu48h,1,3,5,Up,0,86
5,1Te19Tu48h,1,4,1,Down,0,0
5,1Te19Tu48h,1,4,2,Down,0,0
5,1Te19Tu48h,1,4,3,Down,0,1
5,1Te19Tu48h,1,4,4,Down,0,1
5,1Te19Tu48h,1,4,5,Down,0,0
5,1Te19Tu48h,1,4,1,Up,0,0
5,1Te19Tu48h,1,4,2,Up,0,0
5,1Te19Tu48h,1,4,3,Up,0,0
5,1Te19Tu48h,1,4,4,Up,0,5
5,1Te19Tu48h,1,4,5,Up,0,5
5,1Te19Tu48h,1,5,1,Down,0,0
5,1Te19Tu48h,1,5,2,Down,1,11
5,1Te19Tu48h,1,5,3,Down,0,0
5,1Te19Tu48h,1,5,4,Down,0,0
5,1Te19Tu48h,1,5,5,Down,0,2
5,1Te19Tu48h,1,5,1,Up,0,8
5,1Te19Tu48h,1,5,2,Up,1,27
5,1Te19Tu48h,1,5,3,Up,0,0
5,1Te19Tu48h,1,5,4,Up,1,28
5,1Te19Tu48h,1,5,5,Up,0,20
6,1Te19Tu48h,2,2,1,Down,0,21
6,1Te19Tu48h,2,2,2,Down,0,45
6,1Te19Tu48h,2,2,3,Down,0,14
6,1Te19Tu48h,2,2,1,Up,0,29
6,1Te19Tu48h,2,2,2,Up,3,125
6,1Te19Tu48h,2,2,3,Up,0,28
6,1Te19Tu48h,2,3,1,Down,0,0
6,1Te19Tu48h,2,3,2,Down,0,0
6,1Te19Tu48h,2,3,3,Down,0,0
6,1Te19Tu48h,2,3,4,Down,0,0
6,1Te19Tu48h,2,3,5,Down,0,0
6,1Te19Tu48h,2,3,1,Up,0,0
6,1Te19Tu48h,2,3,2,Up,0,0
6,1Te19Tu48h,2,3,3,Up,0,0
6,1Te19Tu48h,2,3,4,Up,0,2
6,1Te19Tu48h,2,3,5,Up,0,0
6,1Te19Tu48h,2,4,1,Down,0,5
6,1Te19Tu48h,2,4,2,Down,3,12
6,1Te19Tu48h,2,4,3,Down,3,22
6,1Te19Tu48h,2,4,4,Down,0,1
6,1Te19Tu48h,2,4,5,Down,0,11
6,1Te19Tu48h,2,4,1,Up,1,35
6,1Te19Tu48h,2,4,2,Up,4,64
6,1Te19Tu48h,2,4,3,Up,2,45
6,1Te19Tu48h,2,4,4,Up,0,8
6,1Te19Tu48h,2,4,5,Up,2,53
6,1Te19Tu48h,2,5,1,Down,0,5
6,1Te19Tu48h,2,5,2,Down,0,0
6,1Te19Tu48h,2,5,3,Down,0,0
6,1Te19Tu48h,2,5,4,Down,0,0
6,1Te19Tu48h,2,5,5,Down,0,1
6,1Te19Tu48h,2,5,1,Up,1,18
6,1Te19Tu48h,2,5,2,Up,0,0
6,1Te19Tu48h,2,5,3,Up,0,2
6,1Te19Tu48h,2,5,4,Up,0,0
6,1Te19Tu48h,2,5,5,Up,1,15
7,1Te19Tu48h,2,2,1,Down,0,0
7,1Te19Tu48h,2,2,2,Down,0,1
7,1Te19Tu48h,2,2,3,Down,0,0
7,1Te19Tu48h,2,2,1,Up,0,4
7,1Te19Tu48h,2,2,2,Up,0,4
7,1Te19Tu48h,2,2,3,Up,1,3
7,1Te19Tu48h,2,3,1,Down,0,6
7,1Te19Tu48h,2,3,2,Down,1,5
7,1Te19Tu48h,2,3,3,Down,0,9
7,1Te19Tu48h,2,3,4,Down,0,11
7,1Te19Tu48h,2,3,5,Down,1,11
7,1Te19Tu48h,2,3,1,Up,0,28
7,1Te19Tu48h,2,3,2,Up,0,13
7,1Te19Tu48h,2,3,3,Up,0,27
7,1Te19Tu48h,2,3,4,Up,0,28
7,1Te19Tu48h,2,3,5,Up,2,33
7,1Te19Tu48h,2,4,1,Down,0,5
7,1Te19Tu48h,2,4,2,Down,1,2
7,1Te19Tu48h,2,4,3,Down,0,2
7,1Te19Tu48h,2,4,4,Down,0,3
7,1Te19Tu48h,2,4,5,Down,0,6
7,1Te19Tu48h,2,4,1,Up,2,40
7,1Te19Tu48h,2,4,2,Up,3,1
7,1Te19Tu48h,2,4,3,Up,0,0
7,1Te19Tu48h,2,4,4,Up,0,7
7,1Te19Tu48h,2,4,5,Up,1,18
7,1Te19Tu48h,2,5,1,Down,0,0
7,1Te19Tu48h,2,5,2,Down,0,0
7,1Te19Tu48h,2,5,3,Down,0,3
7,1Te19Tu48h,2,5,4,Down,0,1
7,1Te19Tu48h,2,5,5,Down,0,0
7,1Te19Tu48h,2,5,1,Up,0,1
7,1Te19Tu48h,2,5,2,Up,0,0
7,1Te19Tu48h,2,5,3,Up,0,0
7,1Te19Tu48h,2,5,4,Up,0,1
7,1Te19Tu48h,2,5,5,Up,0,1
8,1Te19Tu48h,2,2,1,Down,5,2
8,1Te19Tu48h,2,2,2,Down,1,5
8,1Te19Tu48h,2,2,3,Down,0,3
8,1Te19Tu48h,2,2,1,Up,0,5
8,1Te19Tu48h,2,2,2,Up,1,4
8,1Te19Tu48h,2,2,3,Up,0,2
8,1Te19Tu48h,2,3,1,Down,0,0
8,1Te19Tu48h,2,3,2,Down,0,2
8,1Te19Tu48h,2,3,3,Down,0,3
8,1Te19Tu48h,2,3,4,Down,0,4
8,1Te19Tu48h,2,3,5,Down,0,0
8,1Te19Tu48h,2,3,1,Up,0,0
8,1Te19Tu48h,2,3,2,Up,2,4
8,1Te19Tu48h,2,3,3,Up,3,7
8,1Te19Tu48h,2,3,4,Up,2,13
8,1Te19Tu48h,2,3,5,Up,0,6
8,1Te19Tu48h,2,4,1,Down,0,2
8,1Te19Tu48h,2,4,2,Down,0,1
8,1Te19Tu48h,2,4,3,Down,0,2
8,1Te19Tu48h,2,4,4,Down,1,4
8,1Te19Tu48h,2,4,5,Down,0,1
8,1Te19Tu48h,2,4,1,Up,0,18
8,1Te19Tu48h,2,4,2,Up,0,3
8,1Te19Tu48h,2,4,3,Up,2,28
8,1Te19Tu48h,2,4,4,Up,1,31
8,1Te19Tu48h,2,4,5,Up,0,11
8,1Te19Tu48h,2,5,1,Down,0,0
8,1Te19Tu48h,2,5,2,Down,0,1
8,1Te19Tu48h,2,5,3,Down,0,0
8,1Te19Tu48h,2,5,4,Down,1,1
8,1Te19Tu48h,2,5,5,Down,0,0
8,1Te19Tu48h,2,5,1,Up,0,0
8,1Te19Tu48h,2,5,2,Up,0,2
8,1Te19Tu48h,2,5,3,Up,0,0
8,1Te19Tu48h,2,5,4,Up,0,1
8,1Te19Tu48h,2,5,5,Up,1,2
9,1Te19Tu48h,2,2,1,Down,0,0
9,1Te19Tu48h,2,2,2,Down,1,5
9,1Te19Tu48h,2,2,3,Down,0,10
9,1Te19Tu48h,2,2,1,Up,0,0
9,1Te19Tu48h,2,2,2,Up,0,24
9,1Te19Tu48h,2,2,3,Up,0,16
9,1Te19Tu48h,2,3,1,Down,0,8
9,1Te19Tu48h,2,3,2,Down,2,13
9,1Te19Tu48h,2,3,3,Down,0,9
9,1Te19Tu48h,2,3,4,Down,1,6
9,1Te19Tu48h,2,3,5,Down,1,13
9,1Te19Tu48h,2,3,1,Up,0,35
9,1Te19Tu48h,2,3,2,Up,1,31
9,1Te19Tu48h,2,3,3,Up,0,16
9,1Te19Tu48h,2,3,4,Up,1,14
9,1Te19Tu48h,2,3,5,Up,1,34
9,1Te19Tu48h,2,4,1,Down,0,1
9,1Te19Tu48h,2,4,2,Down,0,0
9,1Te19Tu48h,2,4,3,Down,4,7
9,1Te19Tu48h,2,4,4,Down,0,1
9,1Te19Tu48h,2,4,5,Down,1,8
9,1Te19Tu48h,2,4,1,Up,0,19
9,1Te19Tu48h,2,4,2,Up,0,0
9,1Te19Tu48h,2,4,3,Up,2,18
9,1Te19Tu48h,2,4,4,Up,1,2
9,1Te19Tu48h,2,4,5,Up,1,27
9,1Te19Tu48h,2,5,1,Down,0,2
9,1Te19Tu48h,2,5,2,Down,0,2
9,1Te19Tu48h,2,5,3,Down,0,4
9,1Te19Tu48h,2,5,4,Down,1,2
9,1Te19Tu48h,2,5,5,Down,0,0
9,1Te19Tu48h,2,5,1,Up,0,24
9,1Te19Tu48h,2,5,2,Up,0,5
9,1Te19Tu48h,2,5,3,Up,1,22
9,1Te19Tu48h,2,5,4,Up,2,5
9,1Te19Tu48h,2,5,5,Up,0,9
10,1Te19Tu48h,2,2,1,Down,2,5
10,1Te19Tu48h,2,2,2,Down,0,9
10,1Te19Tu48h,2,2,3,Down,2,4
10,1Te19Tu48h,2,2,1,Up,0,7
10,1Te19Tu48h,2,2,2,Up,1,14
10,1Te19Tu48h,2,2,3,Up,5,7
10,1Te19Tu48h,2,3,1,Down,0,1
10,1Te19Tu48h,2,3,2,Down,1,7
10,1Te19Tu48h,2,3,3,Down,0,8
10,1Te19Tu48h,2,3,4,Down,0,4
10,1Te19Tu48h,2,3,5,Down,1,1
10,1Te19Tu48h,2,3,1,Up,4,4
10,1Te19Tu48h,2,3,2,Up,0,16
10,1Te19Tu48h,2,3,3,Up,0,13
10,1Te19Tu48h,2,3,4,Up,1,16
10,1Te19Tu48h,2,3,5,Up,3,1
10,1Te19Tu48h,2,4,1,Down,0,8
10,1Te19Tu48h,2,4,2,Down,0,5
10,1Te19Tu48h,2,4,3,Down,0,7
10,1Te19Tu48h,2,4,4,Down,0,3
10,1Te19Tu48h,2,4,5,Down,0,6
10,1Te19Tu48h,2,4,1,Up,0,31
10,1Te19Tu48h,2,4,2,Up,0,21
10,1Te19Tu48h,2,4,3,Up,0,24
10,1Te19Tu48h,2,4,4,Up,1,20
10,1Te19Tu48h,2,4,5,Up,0,29
10,1Te19Tu48h,2,5,1,Down,0,3
10,1Te19Tu48h,2,5,2,Down,0,0
10,1Te19Tu48h,2,5,3,Down,0,0
10,1Te19Tu48h,2,5,4,Down,1,0
10,1Te19Tu48h,2,5,5,Down,0,1
10,1Te19Tu48h,2,5,1,Up,2,15
10,1Te19Tu48h,2,5,2,Up,0,0
10,1Te19Tu48h,2,5,3,Up,0,0
10,1Te19Tu48h,2,5,4,Up,0,0
10,1Te19Tu48h,2,5,5,Up,0,6
1,20Te,1,2,1,Down,2,NA
1,20Te,1,2,2,Down,20,NA
1,20Te,1,2,3,Down,0,NA
1,20Te,1,2,1,Up,13,NA
1,20Te,1,2,2,Up,10,NA
1,20Te,1,2,3,Up,0,NA
1,20Te,1,3,1,Down,7,NA
1,20Te,1,3,2,Down,15,NA
1,20Te,1,3,3,Down,2,NA
1,20Te,1,3,4,Down,4,NA
1,20Te,1,3,5,Down,12,NA
1,20Te,1,3,1,Up,20,NA
1,20Te,1,3,2,Up,10,NA
1,20Te,1,3,3,Up,2,NA
1,20Te,1,3,4,Up,46,NA
1,20Te,1,3,5,Up,15,NA
1,20Te,1,4,1,Down,6,NA
1,20Te,1,4,2,Down,10,NA
1,20Te,1,4,3,Down,15,NA
1,20Te,1,4,4,Down,12,NA
1,20Te,1,4,5,Down,11,NA
1,20Te,1,4,1,Up,34,NA
1,20Te,1,4,2,Up,32,NA
1,20Te,1,4,3,Up,16,NA
1,20Te,1,4,4,Up,7,NA
1,20Te,1,4,5,Up,12,NA
1,20Te,1,5,1,Down,4,NA
1,20Te,1,5,2,Down,6,NA
1,20Te,1,5,3,Down,22,NA
1,20Te,1,5,4,Down,6,NA
1,20Te,1,5,5,Down,25,NA
1,20Te,1,5,1,Up,9,NA
1,20Te,1,5,2,Up,7,NA
1,20Te,1,5,3,Up,18,NA
1,20Te,1,5,4,Up,4,NA
1,20Te,1,5,5,Up,12,NA
2,20Te,1,2,1,Down,6,NA
2,20Te,1,2,2,Down,5,NA
2,20Te,1,2,3,Down,0,NA
2,20Te,1,2,1,Up,0,NA
2,20Te,1,2,2,Up,6,NA
2,20Te,1,2,3,Up,0,NA
2,20Te,1,3,1,Down,0,NA
2,20Te,1,3,2,Down,1,NA
2,20Te,1,3,3,Down,8,NA
2,20Te,1,3,4,Down,2,NA
2,20Te,1,3,5,Down,10,NA
2,20Te,1,3,1,Up,5,NA
2,20Te,1,3,2,Up,6,NA
2,20Te,1,3,3,Up,9,NA
2,20Te,1,3,4,Up,9,NA
2,20Te,1,3,5,Up,21,NA
2,20Te,1,4,1,Down,1,NA
2,20Te,1,4,2,Down,3,NA
2,20Te,1,4,3,Down,8,NA
2,20Te,1,4,4,Down,6,NA
2,20Te,1,4,5,Down,6,NA
2,20Te,1,4,1,Up,5,NA
2,20Te,1,4,2,Up,12,NA
2,20Te,1,4,3,Up,6,NA
2,20Te,1,4,4,Up,10,NA
2,20Te,1,4,5,Up,4,NA
2,20Te,1,5,1,Down,7,NA
2,20Te,1,5,2,Down,6,NA
2,20Te,1,5,3,Down,1,NA
2,20Te,1,5,4,Down,1,NA
2,20Te,1,5,5,Down,0,NA
2,20Te,1,5,1,Up,4,NA
2,20Te,1,5,2,Up,15,NA
2,20Te,1,5,3,Up,2,NA
2,20Te,1,5,4,Up,5,NA
2,20Te,1,5,5,Up,1,NA
3,20Te,1,2,1,Down,0,NA
3,20Te,1,2,2,Down,4,NA
3,20Te,1,2,3,Down,3,NA
3,20Te,1,2,1,Up,0,NA
3,20Te,1,2,2,Up,7,NA
3,20Te,1,2,3,Up,5,NA
3,20Te,1,3,1,Down,3,NA
3,20Te,1,3,2,Down,0,NA
3,20Te,1,3,3,Down,6,NA
3,20Te,1,3,4,Down,0,NA
3,20Te,1,3,5,Down,13,NA
3,20Te,1,3,1,Up,6,NA
3,20Te,1,3,2,Up,4,NA
3,20Te,1,3,3,Up,6,NA
3,20Te,1,3,4,Up,4,NA
3,20Te,1,3,5,Up,10,NA
3,20Te,1,4,1,Down,8,NA
3,20Te,1,4,2,Down,17,NA
3,20Te,1,4,3,Down,11,NA
3,20Te,1,4,4,Down,15,NA
3,20Te,1,4,5,Down,11,NA
3,20Te,1,4,1,Up,23,NA
3,20Te,1,4,2,Up,3,NA
3,20Te,1,4,3,Up,44,NA
3,20Te,1,4,4,Up,35,NA
3,20Te,1,4,5,Up,11,NA
3,20Te,1,5,1,Down,10,NA
3,20Te,1,5,2,Down,0,NA
3,20Te,1,5,3,Down,2,NA
3,20Te,1,5,4,Down,0,NA
3,20Te,1,5,5,Down,4,NA
3,20Te,1,5,1,Up,13,NA
3,20Te,1,5,2,Up,4,NA
3,20Te,1,5,3,Up,2,NA
3,20Te,1,5,4,Up,2,NA
3,20Te,1,5,5,Up,18,NA
4,20Te,1,2,1,Down,25,NA
4,20Te,1,2,2,Down,2,NA
4,20Te,1,2,3,Down,1,NA
4,20Te,1,2,1,Up,10,NA
4,20Te,1,2,2,Up,3,NA
4,20Te,1,2,3,Up,0,NA
4,20Te,1,3,1,Down,3,NA
4,20Te,1,3,2,Down,2,NA
4,20Te,1,3,3,Down,2,NA
4,20Te,1,3,4,Down,1,NA
4,20Te,1,3,5,Down,7,NA
4,20Te,1,3,1,Up,1,NA
4,20Te,1,3,2,Up,3,NA
4,20Te,1,3,3,Up,11,NA
4,20Te,1,3,4,Up,4,NA
4,20Te,1,3,5,Up,6,NA
4,20Te,1,4,1,Down,4,NA
4,20Te,1,4,2,Down,17,NA
4,20Te,1,4,3,Down,7,NA
4,20Te,1,4,4,Down,17,NA
4,20Te,1,4,5,Down,2,NA
4,20Te,1,4,1,Up,18,NA
4,20Te,1,4,2,Up,43,NA
4,20Te,1,4,3,Up,4,NA
4,20Te,1,4,4,Up,18,NA
4,20Te,1,4,5,Up,3,NA
4,20Te,1,5,1,Down,0,NA
4,20Te,1,5,2,Down,0,NA
4,20Te,1,5,3,Down,0,NA
4,20Te,1,5,4,Down,4,NA
4,20Te,1,5,5,Down,0,NA
4,20Te,1,5,1,Up,1,NA
4,20Te,1,5,2,Up,6,NA
4,20Te,1,5,3,Up,12,NA
4,20Te,1,5,4,Up,16,NA
4,20Te,1,5,5,Up,4,NA
5,20Te,1,2,1,Down,0,NA
5,20Te,1,2,2,Down,1,NA
5,20Te,1,2,3,Down,0,NA
5,20Te,1,2,1,Up,0,NA
5,20Te,1,2,2,Up,0,NA
5,20Te,1,2,3,Up,0,NA
5,20Te,1,3,1,Down,6,NA
5,20Te,1,3,2,Down,0,NA
5,20Te,1,3,3,Down,6,NA
5,20Te,1,3,4,Down,0,NA
5,20Te,1,3,5,Down,6,NA
5,20Te,1,3,1,Up,9,NA
5,20Te,1,3,2,Up,12,NA
5,20Te,1,3,3,Up,4,NA
5,20Te,1,3,4,Up,0,NA
5,20Te,1,3,5,Up,18,NA
5,20Te,1,4,1,Down,4,NA
5,20Te,1,4,2,Down,4,NA
5,20Te,1,4,3,Down,7,NA
5,20Te,1,4,4,Down,89,NA
5,20Te,1,4,5,Down,10,NA
5,20Te,1,4,1,Up,17,NA
5,20Te,1,4,2,Up,13,NA
5,20Te,1,4,3,Up,13,NA
5,20Te,1,4,4,Up,106,NA
5,20Te,1,4,5,Up,4,NA
5,20Te,1,5,1,Down,2,NA
5,20Te,1,5,2,Down,2,NA
5,20Te,1,5,3,Down,0,NA
5,20Te,1,5,4,Down,0,NA
5,20Te,1,5,5,Down,0,NA
5,20Te,1,5,1,Up,1,NA
5,20Te,1,5,2,Up,0,NA
5,20Te,1,5,3,Up,3,NA
5,20Te,1,5,4,Up,0,NA
5,20Te,1,5,5,Up,1,NA
6,20Te,2,2,1,Down,8,NA
6,20Te,2,2,2,Down,6,NA
6,20Te,2,2,3,Down,8,NA
6,20Te,2,2,1,Up,3,NA
6,20Te,2,2,2,Up,9,NA
6,20Te,2,2,3,Up,9,NA
6,20Te,2,3,1,Down,15,NA
6,20Te,2,3,2,Down,18,NA
6,20Te,2,3,3,Down,10,NA
6,20Te,2,3,4,Down,5,NA
6,20Te,2,3,5,Down,15,NA
6,20Te,2,3,1,Up,53,NA
6,20Te,2,3,2,Up,25,NA
6,20Te,2,3,3,Up,6,NA
6,20Te,2,3,4,Up,6,NA
6,20Te,2,3,5,Up,37,NA
6,20Te,2,4,1,Down,5,NA
6,20Te,2,4,2,Down,7,NA
6,20Te,2,4,3,Down,10,NA
6,20Te,2,4,4,Down,12,NA
6,20Te,2,4,5,Down,3,NA
6,20Te,2,4,1,Up,35,NA
6,20Te,2,4,2,Up,52,NA
6,20Te,2,4,3,Up,41,NA
6,20Te,2,4,4,Up,53,NA
6,20Te,2,4,5,Up,15,NA
6,20Te,2,5,1,Down,6,NA
6,20Te,2,5,2,Down,16,NA
6,20Te,2,5,3,Down,11,NA
6,20Te,2,5,4,Down,7,NA
6,20Te,2,5,5,Down,1,NA
6,20Te,2,5,1,Up,34,NA
6,20Te,2,5,2,Up,31,NA
6,20Te,2,5,3,Up,23,NA
6,20Te,2,5,4,Up,17,NA
6,20Te,2,5,5,Up,17,NA
7,20Te,2,2,1,Down,1,NA
7,20Te,2,2,2,Down,23,NA
7,20Te,2,2,3,Down,1,NA
7,20Te,2,2,1,Up,0,NA
7,20Te,2,2,2,Up,17,NA
7,20Te,2,2,3,Up,1,NA
7,20Te,2,3,1,Down,0,NA
7,20Te,2,3,2,Down,0,NA
7,20Te,2,3,3,Down,2,NA
7,20Te,2,3,4,Down,5,NA
7,20Te,2,3,5,Down,4,NA
7,20Te,2,3,1,Up,0,NA
7,20Te,2,3,2,Up,2,NA
7,20Te,2,3,3,Up,4,NA
7,20Te,2,3,4,Up,11,NA
7,20Te,2,3,5,Up,3,NA
7,20Te,2,4,1,Down,5,NA
7,20Te,2,4,2,Down,9,NA
7,20Te,2,4,3,Down,5,NA
7,20Te,2,4,4,Down,8,NA
7,20Te,2,4,5,Down,6,NA
7,20Te,2,4,1,Up,4,NA
7,20Te,2,4,2,Up,29,NA
7,20Te,2,4,3,Up,26,NA
7,20Te,2,4,4,Up,11,NA
7,20Te,2,4,5,Up,7,NA
7,20Te,2,5,1,Down,0,NA
7,20Te,2,5,2,Down,2,NA
7,20Te,2,5,3,Down,5,NA
7,20Te,2,5,4,Down,3,NA
7,20Te,2,5,5,Down,0,NA
7,20Te,2,5,1,Up,5,NA
7,20Te,2,5,2,Up,34,NA
7,20Te,2,5,3,Up,14,NA
7,20Te,2,5,4,Up,0,NA
7,20Te,2,5,5,Up,0,NA
8,20Te,2,2,1,Down,1,NA
8,20Te,2,2,2,Down,11,NA
8,20Te,2,2,3,Down,3,NA
8,20Te,2,2,1,Up,3,NA
8,20Te,2,2,2,Up,4,NA
8,20Te,2,2,3,Up,1,NA
8,20Te,2,3,1,Down,33,NA
8,20Te,2,3,2,Down,16,NA
8,20Te,2,3,3,Down,20,NA
8,20Te,2,3,4,Down,27,NA
8,20Te,2,3,5,Down,36,NA
8,20Te,2,3,1,Up,11,NA
8,20Te,2,3,2,Up,25,NA
8,20Te,2,3,3,Up,25,NA
8,20Te,2,3,4,Up,14,NA
8,20Te,2,3,5,Up,41,NA
8,20Te,2,4,1,Down,3,NA
8,20Te,2,4,2,Down,5,NA
8,20Te,2,4,3,Down,10,NA
8,20Te,2,4,4,Down,5,NA
8,20Te,2,4,5,Down,13,NA
8,20Te,2,4,1,Up,19,NA
8,20Te,2,4,2,Up,5,NA
8,20Te,2,4,3,Up,23,NA
8,20Te,2,4,4,Up,20,NA
8,20Te,2,4,5,Up,34,NA
8,20Te,2,5,1,Down,5,NA
8,20Te,2,5,2,Down,2,NA
8,20Te,2,5,3,Down,2,NA
8,20Te,2,5,4,Down,0,NA
8,20Te,2,5,5,Down,1,NA
8,20Te,2,5,1,Up,2,NA
8,20Te,2,5,2,Up,1,NA
8,20Te,2,5,3,Up,1,NA
8,20Te,2,5,4,Up,4,NA
8,20Te,2,5,5,Up,4,NA
9,20Te,2,2,1,Down,3,NA
9,20Te,2,2,2,Down,43,NA
9,20Te,2,2,3,Down,8,NA
9,20Te,2,2,1,Up,18,NA
9,20Te,2,2,2,Up,55,NA
9,20Te,2,2,3,Up,22,NA
9,20Te,2,3,1,Down,2,NA
9,20Te,2,3,2,Down,6,NA
9,20Te,2,3,3,Down,12,NA
9,20Te,2,3,4,Down,18,NA
9,20Te,2,3,5,Down,4,NA
9,20Te,2,3,1,Up,5,NA
9,20Te,2,3,2,Up,12,NA
9,20Te,2,3,3,Up,8,NA
9,20Te,2,3,4,Up,29,NA
9,20Te,2,3,5,Up,20,NA
9,20Te,2,4,1,Down,5,NA
9,20Te,2,4,2,Down,16,NA
9,20Te,2,4,3,Down,20,NA
9,20Te,2,4,4,Down,6,NA
9,20Te,2,4,5,Down,5,NA
9,20Te,2,4,1,Up,6,NA
9,20Te,2,4,2,Up,11,NA
9,20Te,2,4,3,Up,28,NA
9,20Te,2,4,4,Up,30,NA
9,20Te,2,4,5,Up,4,NA
9,20Te,2,5,1,Down,0,NA
9,20Te,2,5,2,Down,1,NA
9,20Te,2,5,3,Down,0,NA
9,20Te,2,5,4,Down,0,NA
9,20Te,2,5,5,Down,1,NA
9,20Te,2,5,1,Up,11,NA
9,20Te,2,5,2,Up,1,NA
9,20Te,2,5,3,Up,3,NA
9,20Te,2,5,4,Up,0,NA
9,20Te,2,5,5,Up,0,NA
10,20Te,2,2,1,Down,10,NA
10,20Te,2,2,2,Down,24,NA
10,20Te,2,2,3,Down,0,NA
10,20Te,2,2,1,Up,8,NA
10,20Te,2,2,2,Up,16,NA
10,20Te,2,2,3,Up,0,NA
10,20Te,2,3,1,Down,9,NA
10,20Te,2,3,2,Down,24,NA
10,20Te,2,3,3,Down,4,NA
10,20Te,2,3,4,Down,18,NA
10,20Te,2,3,5,Down,2,NA
10,20Te,2,3,1,Up,15,NA
10,20Te,2,3,2,Up,21,NA
10,20Te,2,3,3,Up,7,NA
10,20Te,2,3,4,Up,16,NA
10,20Te,2,3,5,Up,3,NA
10,20Te,2,4,1,Down,10,NA
10,20Te,2,4,2,Down,49,NA
10,20Te,2,4,3,Down,17,NA
10,20Te,2,4,4,Down,13,NA
10,20Te,2,4,5,Down,6,NA
10,20Te,2,4,1,Up,20,NA
10,20Te,2,4,2,Up,25,NA
10,20Te,2,4,3,Up,50,NA
10,20Te,2,4,4,Up,10,NA
10,20Te,2,4,5,Up,13,NA
10,20Te,2,5,1,Down,2,NA
10,20Te,2,5,2,Down,0,NA
10,20Te,2,5,3,Down,11,NA
10,20Te,2,5,4,Down,3,NA
10,20Te,2,5,5,Down,0,NA
10,20Te,2,5,1,Up,11,NA
10,20Te,2,5,2,Up,0,NA
10,20Te,2,5,3,Up,5,NA
10,20Te,2,5,4,Up,3,NA
10,20Te,2,5,5,Up,2,NA
1,20Tu,1,2,1,Down,NA,1
1,20Tu,1,2,2,Down,NA,8
1,20Tu,1,2,3,Down,NA,14
1,20Tu,1,2,1,Up,NA,1
1,20Tu,1,2,2,Up,NA,5
1,20Tu,1,2,3,Up,NA,15
1,20Tu,1,3,1,Down,NA,1
1,20Tu,1,3,2,Down,NA,0
1,20Tu,1,3,3,Down,NA,0
1,20Tu,1,3,4,Down,NA,0
1,20Tu,1,3,5,Down,NA,4
1,20Tu,1,3,1,Up,NA,5
1,20Tu,1,3,2,Up,NA,0
1,20Tu,1,3,3,Up,NA,0
1,20Tu,1,3,4,Up,NA,0
1,20Tu,1,3,5,Up,NA,14
1,20Tu,1,4,1,Down,NA,14
1,20Tu,1,4,2,Down,NA,0
1,20Tu,1,4,3,Down,NA,0
1,20Tu,1,4,4,Down,NA,0
1,20Tu,1,4,5,Down,NA,0
1,20Tu,1,4,1,Up,NA,1
1,20Tu,1,4,2,Up,NA,1
1,20Tu,1,4,3,Up,NA,0
1,20Tu,1,4,4,Up,NA,14
1,20Tu,1,4,5,Up,NA,0
1,20Tu,1,5,1,Down,NA,0
1,20Tu,1,5,2,Down,NA,2
1,20Tu,1,5,3,Down,NA,6
1,20Tu,1,5,4,Down,NA,0
1,20Tu,1,5,5,Down,NA,3
1,20Tu,1,5,1,Up,NA,5
1,20Tu,1,5,2,Up,NA,0
1,20Tu,1,5,3,Up,NA,17
1,20Tu,1,5,4,Up,NA,3
1,20Tu,1,5,5,Up,NA,11
2,20Tu,1,2,1,Down,NA,7
2,20Tu,1,2,2,Down,NA,1
2,20Tu,1,2,3,Down,NA,0
2,20Tu,1,2,1,Up,NA,1
2,20Tu,1,2,2,Up,NA,3
2,20Tu,1,2,3,Up,NA,0
2,20Tu,1,3,1,Down,NA,5
2,20Tu,1,3,2,Down,NA,0
2,20Tu,1,3,3,Down,NA,1
2,20Tu,1,3,4,Down,NA,0
2,20Tu,1,3,5,Down,NA,2
2,20Tu,1,3,1,Up,NA,20
2,20Tu,1,3,2,Up,NA,9
2,20Tu,1,3,3,Up,NA,1
2,20Tu,1,3,4,Up,NA,0
2,20Tu,1,3,5,Up,NA,12
2,20Tu,1,4,1,Down,NA,2
2,20Tu,1,4,2,Down,NA,3
2,20Tu,1,4,3,Down,NA,1
2,20Tu,1,4,4,Down,NA,0
2,20Tu,1,4,5,Down,NA,0
2,20Tu,1,4,1,Up,NA,1
2,20Tu,1,4,2,Up,NA,2
2,20Tu,1,4,3,Up,NA,0
2,20Tu,1,4,4,Up,NA,1
2,20Tu,1,4,5,Up,NA,0
2,20Tu,1,5,1,Down,NA,14
2,20Tu,1,5,2,Down,NA,0
2,20Tu,1,5,3,Down,NA,2
2,20Tu,1,5,4,Down,NA,2
2,20Tu,1,5,5,Down,NA,2
2,20Tu,1,5,1,Up,NA,5
2,20Tu,1,5,2,Up,NA,1
2,20Tu,1,5,3,Up,NA,1
2,20Tu,1,5,4,Up,NA,1
2,20Tu,1,5,5,Up,NA,1
3,20Tu,1,2,1,Down,NA,1
3,20Tu,1,2,2,Down,NA,2
3,20Tu,1,2,3,Down,NA,1
3,20Tu,1,2,1,Up,NA,2
3,20Tu,1,2,2,Up,NA,2
3,20Tu,1,2,3,Up,NA,0
3,20Tu,1,3,1,Down,NA,0
3,20Tu,1,3,2,Down,NA,0
3,20Tu,1,3,3,Down,NA,0
3,20Tu,1,3,4,Down,NA,0
3,20Tu,1,3,5,Down,NA,0
3,20Tu,1,3,1,Up,NA,0
3,20Tu,1,3,2,Up,NA,0
3,20Tu,1,3,3,Up,NA,0
3,20Tu,1,3,4,Up,NA,0
3,20Tu,1,3,5,Up,NA,0
3,20Tu,1,4,1,Down,NA,0
3,20Tu,1,4,2,Down,NA,1
3,20Tu,1,4,3,Down,NA,18
3,20Tu,1,4,4,Down,NA,0
3,20Tu,1,4,1,Up,NA,0
3,20Tu,1,4,2,Up,NA,0
3,20Tu,1,4,3,Up,NA,0
3,20Tu,1,4,4,Up,NA,1
3,20Tu,1,5,1,Down,NA,1
3,20Tu,1,5,2,Down,NA,0
3,20Tu,1,5,3,Down,NA,0
3,20Tu,1,5,4,Down,NA,0
3,20Tu,1,5,1,Up,NA,6
3,20Tu,1,5,2,Up,NA,0
3,20Tu,1,5,3,Up,NA,0
3,20Tu,1,5,4,Up,NA,0
4,20Tu,1,2,1,Down,NA,0
4,20Tu,1,2,2,Down,NA,0
4,20Tu,1,2,3,Down,NA,0
4,20Tu,1,2,1,Up,NA,1
4,20Tu,1,2,2,Up,NA,0
4,20Tu,1,2,3,Up,NA,0
4,20Tu,1,3,1,Down,NA,1
4,20Tu,1,3,2,Down,NA,2
4,20Tu,1,3,3,Down,NA,1
4,20Tu,1,3,4,Down,NA,4
4,20Tu,1,3,5,Down,NA,1
4,20Tu,1,3,1,Up,NA,1
4,20Tu,1,3,2,Up,NA,2
4,20Tu,1,3,3,Up,NA,5
4,20Tu,1,3,4,Up,NA,4
4,20Tu,1,3,5,Up,NA,2
4,20Tu,1,4,1,Down,NA,0
4,20Tu,1,4,2,Down,NA,2
4,20Tu,1,4,3,Down,NA,1
4,20Tu,1,4,4,Down,NA,5
4,20Tu,1,4,1,Up,NA,18
4,20Tu,1,4,2,Up,NA,0
4,20Tu,1,4,3,Up,NA,9
4,20Tu,1,4,4,Up,NA,9
4,20Tu,1,5,1,Down,NA,1
4,20Tu,1,5,2,Down,NA,2
4,20Tu,1,5,3,Down,NA,9
4,20Tu,1,5,4,Down,NA,3
4,20Tu,1,5,5,Down,NA,2
4,20Tu,1,5,1,Up,NA,10
4,20Tu,1,5,2,Up,NA,2
4,20Tu,1,5,3,Up,NA,35
4,20Tu,1,5,4,Up,NA,23
4,20Tu,1,5,5,Up,NA,8
5,20Tu,1,2,1,Down,NA,3
5,20Tu,1,2,2,Down,NA,10
5,20Tu,1,2,3,Down,NA,0
5,20Tu,1,2,1,Up,NA,13
5,20Tu,1,2,2,Up,NA,22
5,20Tu,1,2,3,Up,NA,0
5,20Tu,1,3,1,Down,NA,8
5,20Tu,1,3,2,Down,NA,4
5,20Tu,1,3,3,Down,NA,6
5,20Tu,1,3,4,Down,NA,3
5,20Tu,1,3,5,Down,NA,1
5,20Tu,1,3,1,Up,NA,0
5,20Tu,1,3,2,Up,NA,1
5,20Tu,1,3,3,Up,NA,8
5,20Tu,1,3,4,Up,NA,7
5,20Tu,1,3,5,Up,NA,2
5,20Tu,1,4,1,Down,NA,6
5,20Tu,1,4,2,Down,NA,1
5,20Tu,1,4,3,Down,NA,7
5,20Tu,1,4,4,Down,NA,4
5,20Tu,1,4,5,Down,NA,7
5,20Tu,1,4,1,Up,NA,13
5,20Tu,1,4,2,Up,NA,3
5,20Tu,1,4,3,Up,NA,0
5,20Tu,1,4,4,Up,NA,5
5,20Tu,1,4,5,Up,NA,29
5,20Tu,1,5,1,Down,NA,0
5,20Tu,1,5,2,Down,NA,1
5,20Tu,1,5,3,Down,NA,0
5,20Tu,1,5,4,Down,NA,0
5,20Tu,1,5,5,Down,NA,0
5,20Tu,1,5,1,Up,NA,0
5,20Tu,1,5,2,Up,NA,0
5,20Tu,1,5,3,Up,NA,0
5,20Tu,1,5,4,Up,NA,0
5,20Tu,1,5,5,Up,NA,0
6,20Tu,2,2,1,Down,NA,2
6,20Tu,2,2,2,Down,NA,1
6,20Tu,2,2,3,Down,NA,5
6,20Tu,2,2,1,Up,NA,7
6,20Tu,2,2,2,Up,NA,4
6,20Tu,2,2,3,Up,NA,8
6,20Tu,2,3,1,Down,NA,2
6,20Tu,2,3,2,Down,NA,6
6,20Tu,2,3,3,Down,NA,6
6,20Tu,2,3,4,Down,NA,2
6,20Tu,2,3,5,Down,NA,2
6,20Tu,2,3,1,Up,NA,11
6,20Tu,2,3,2,Up,NA,10
6,20Tu,2,3,3,Up,NA,8
6,20Tu,2,3,4,Up,NA,6
6,20Tu,2,3,5,Up,NA,10
6,20Tu,2,4,1,Down,NA,0
6,20Tu,2,4,2,Down,NA,0
6,20Tu,2,4,3,Down,NA,0
6,20Tu,2,4,4,Down,NA,3
6,20Tu,2,4,5,Down,NA,0
6,20Tu,2,4,1,Up,NA,1
6,20Tu,2,4,2,Up,NA,5
6,20Tu,2,4,3,Up,NA,0
6,20Tu,2,4,4,Up,NA,1
6,20Tu,2,4,5,Up,NA,5
6,20Tu,2,5,1,Down,NA,3
6,20Tu,2,5,2,Down,NA,0
6,20Tu,2,5,3,Down,NA,0
6,20Tu,2,5,4,Down,NA,0
6,20Tu,2,5,5,Down,NA,1
6,20Tu,2,5,1,Up,NA,16
6,20Tu,2,5,2,Up,NA,8
6,20Tu,2,5,3,Up,NA,2
6,20Tu,2,5,4,Up,NA,3
6,20Tu,2,5,5,Up,NA,5
7,20Tu,2,2,1,Down,NA,3
7,20Tu,2,2,2,Down,NA,12
7,20Tu,2,2,3,Down,NA,0
7,20Tu,2,2,1,Up,NA,1
7,20Tu,2,2,2,Up,NA,21
7,20Tu,2,2,3,Up,NA,0
7,20Tu,2,3,1,Down,NA,2
7,20Tu,2,3,2,Down,NA,0
7,20Tu,2,3,3,Down,NA,1
7,20Tu,2,3,4,Down,NA,0
7,20Tu,2,3,5,Down,NA,5
7,20Tu,2,3,1,Up,NA,21
7,20Tu,2,3,2,Up,NA,0
7,20Tu,2,3,3,Up,NA,3
7,20Tu,2,3,4,Up,NA,9
7,20Tu,2,3,5,Up,NA,13
7,20Tu,2,4,1,Down,NA,1
7,20Tu,2,4,2,Down,NA,1
7,20Tu,2,4,3,Down,NA,3
7,20Tu,2,4,4,Down,NA,6
7,20Tu,2,4,5,Down,NA,3
7,20Tu,2,4,1,Up,NA,10
7,20Tu,2,4,2,Up,NA,4
7,20Tu,2,4,3,Up,NA,12
7,20Tu,2,4,4,Up,NA,10
7,20Tu,2,4,5,Up,NA,5
7,20Tu,2,5,1,Down,NA,1
7,20Tu,2,5,2,Down,NA,0
7,20Tu,2,5,3,Down,NA,0
7,20Tu,2,5,4,Down,NA,0
7,20Tu,2,5,5,Down,NA,1
7,20Tu,2,5,1,Up,NA,2
7,20Tu,2,5,2,Up,NA,0
7,20Tu,2,5,3,Up,NA,0
7,20Tu,2,5,4,Up,NA,0
7,20Tu,2,5,5,Up,NA,0
8,20Tu,2,2,1,Down,NA,0
8,20Tu,2,2,2,Down,NA,1
8,20Tu,2,2,3,Down,NA,0
8,20Tu,2,2,1,Up,NA,1
8,20Tu,2,2,2,Up,NA,1
8,20Tu,2,2,3,Up,NA,1
8,20Tu,2,3,1,Down,NA,4
8,20Tu,2,3,2,Down,NA,7
8,20Tu,2,3,3,Down,NA,2
8,20Tu,2,3,4,Down,NA,8
8,20Tu,2,3,5,Down,NA,0
8,20Tu,2,3,1,Up,NA,22
8,20Tu,2,3,2,Up,NA,8
8,20Tu,2,3,3,Up,NA,4
8,20Tu,2,3,4,Up,NA,9
8,20Tu,2,3,5,Up,NA,4
8,20Tu,2,4,1,Down,NA,0
8,20Tu,2,4,2,Down,NA,1
8,20Tu,2,4,3,Down,NA,0
8,20Tu,2,4,4,Down,NA,0
8,20Tu,2,4,5,Down,NA,0
8,20Tu,2,4,1,Up,NA,3
8,20Tu,2,4,2,Up,NA,4
8,20Tu,2,4,3,Up,NA,0
8,20Tu,2,4,4,Up,NA,0
8,20Tu,2,4,5,Up,NA,0
8,20Tu,2,5,1,Down,NA,0
8,20Tu,2,5,2,Down,NA,0
8,20Tu,2,5,3,Down,NA,1
8,20Tu,2,5,4,Down,NA,4
8,20Tu,2,5,5,Down,NA,0
8,20Tu,2,5,1,Up,NA,4
8,20Tu,2,5,2,Up,NA,4
8,20Tu,2,5,3,Up,NA,12
8,20Tu,2,5,4,Up,NA,17
8,20Tu,2,5,5,Up,NA,4
9,20Tu,2,2,1,Down,NA,5
9,20Tu,2,2,2,Down,NA,3
9,20Tu,2,2,3,Down,NA,1
9,20Tu,2,2,1,Up,NA,11
9,20Tu,2,2,2,Up,NA,4
9,20Tu,2,2,3,Up,NA,3
9,20Tu,2,3,1,Down,NA,0
9,20Tu,2,3,2,Down,NA,0
9,20Tu,2,3,3,Down,NA,0
9,20Tu,2,3,4,Down,NA,0
9,20Tu,2,3,5,Down,NA,0
9,20Tu,2,3,1,Up,NA,0
9,20Tu,2,3,2,Up,NA,0
9,20Tu,2,3,3,Up,NA,0
9,20Tu,2,3,4,Up,NA,0
9,20Tu,2,3,5,Up,NA,0
9,20Tu,2,4,1,Down,NA,7
9,20Tu,2,4,2,Down,NA,3
9,20Tu,2,4,3,Down,NA,3
9,20Tu,2,4,4,Down,NA,3
9,20Tu,2,4,5,Down,NA,6
9,20Tu,2,4,1,Up,NA,19
9,20Tu,2,4,2,Up,NA,16
9,20Tu,2,4,3,Up,NA,8
9,20Tu,2,4,4,Up,NA,3
9,20Tu,2,4,5,Up,NA,10
9,20Tu,2,5,1,Down,NA,0
9,20Tu,2,5,2,Down,NA,0
9,20Tu,2,5,3,Down,NA,0
9,20Tu,2,5,4,Down,NA,0
9,20Tu,2,5,5,Down,NA,0
9,20Tu,2,5,1,Up,NA,2
9,20Tu,2,5,2,Up,NA,0
9,20Tu,2,5,3,Up,NA,0
9,20Tu,2,5,4,Up,NA,1
9,20Tu,2,5,5,Up,NA,1
10,20Tu,2,2,1,Down,NA,0
10,20Tu,2,2,2,Down,NA,1
10,20Tu,2,2,3,Down,NA,0
10,20Tu,2,2,1,Up,NA,0
10,20Tu,2,2,2,Up,NA,0
10,20Tu,2,2,3,Up,NA,0
10,20Tu,2,3,1,Down,NA,9
10,20Tu,2,3,2,Down,NA,6
10,20Tu,2,3,3,Down,NA,0
10,20Tu,2,3,4,Down,NA,4
10,20Tu,2,3,5,Down,NA,1
10,20Tu,2,3,1,Up,NA,10
10,20Tu,2,3,2,Up,NA,4
10,20Tu,2,3,3,Up,NA,0
10,20Tu,2,3,4,Up,NA,9
10,20Tu,2,3,5,Up,NA,5
10,20Tu,2,4,1,Down,NA,7
10,20Tu,2,4,2,Down,NA,1
10,20Tu,2,4,3,Down,NA,1
10,20Tu,2,4,4,Down,NA,1
10,20Tu,2,4,5,Down,NA,4
10,20Tu,2,4,1,Up,NA,5
10,20Tu,2,4,2,Up,NA,1
10,20Tu,2,4,3,Up,NA,2
10,20Tu,2,4,4,Up,NA,3
10,20Tu,2,4,5,Up,NA,1
10,20Tu,2,5,1,Down,NA,3
10,20Tu,2,5,2,Down,NA,0
10,20Tu,2,5,3,Down,NA,4
10,20Tu,2,5,4,Down,NA,1
10,20Tu,2,5,5,Down,NA,1
10,20Tu,2,5,1,Up,NA,1
10,20Tu,2,5,2,Up,NA,4
10,20Tu,2,5,3,Up,NA,13
10,20Tu,2,5,4,Up,NA,12
10,20Tu,2,5,5,Up,NA,3